order_id,customer_id,platform,city,restaurant_name,food_category,order_datetime,price_inr,delivery_fee_inr,discount_applied,payment_method,delivery_time_minutes,order_status,customer_rating,order_hour,order_day_of_week
101846,1241,Swiggy,Chennai,La Pino'z,Pizza,2025-05-02 14:56:00,456.01,40.0,0,Cash on Delivery,36.1,Delivered,4.6,14,Friday
101471,1418,Zomato,Bengaluru,Saravana Bhavan,South Indian,2025-03-10 13:59:00,266.42,30.0,0,UPI,42.8,Delivered,4.4,13,Monday
101778,1184,Swiggy,Bengaluru,Dilli Darbar,North Indian,2025-07-25 19:00:00,436.54,20.0,0,Debit Card,26.2,Delivered,4.7,19,Friday
101411,1336,Uber Eats,Chennai,Theobroma,Desserts,2025-06-05 21:00:00,183.93,0.0,1,UPI,34.8,Delivered,4.3,21,Thursday
100386,1040,Zomato,Mumbai,Paradise Biryani,Biryani,2025-05-29 09:20:00,362.61,40.0,0,Wallet,48.6,Delivered,4.5,9,Thursday
100350,1319,Zomato,Chennai,Chaayos,Beverages,2025-04-27 13:24:00,108.98,30.0,1,Wallet,29.6,Delivered,4.2,13,Sunday
100311,1403,Uber Eats,Kolkata,Oven Story,Pizza,2025-07-17 14:00:00,491.18,20.0,0,UPI,35.2,Delivered,4.6,14,Thursday
101931,1289,Swiggy,Mumbai,Cream Stone,Desserts,2025-05-02 18:07:00,200.24,0.0,1,Debit Card,47.7,Delivered,4.1,18,Friday
100840,1173,Swiggy,Delhi,Punjabi Tadka,North Indian,2025-02-15 17:32:00,380.89,40.0,0,UPI,48.1,Delivered,4.1,17,Saturday
100492,1452,Zomato,Pune,Domino's,Pizza,2025-06-02 09:12:00,506.93,49.0,0,UPI,42.4,Delayed,4.2,9,Monday
101829,1589,Zomato,Kolkata,Cream Stone,Desserts,2025-06-25 13:11:00,111.76,49.0,0,Credit Card,55.6,Delivered,4.3,13,Wednesday
100488,1459,Uber Eats,Chennai,Punjabi Tadka,North Indian,2025-03-11 10:28:00,345.8,40.0,0,Cash on Delivery,48.5,Delayed,4.4,10,Tuesday
101930,1053,Zomato,Delhi,Domino's,Pizza,2025-07-11 20:04:00,443.7,20.0,1,UPI,18.7,Delivered,4.9,20,Friday
100705,1338,Uber Eats,Chennai,Curry Leaf,North Indian,2025-07-15 14:06:00,471.32,49.0,1,UPI,47.2,Delivered,4.4,14,Tuesday
101388,1534,Zomato,Delhi,Green Bowl,Healthy Food,2025-02-20 11:41:00,208.36,30.0,1,UPI,28.7,Delivered,4.4,11,Thursday
100971,1251,Uber Eats,Chennai,Chennai Biryani Hub,Biryani,2025-07-12 21:25:00,322.92,20.0,0,UPI,,Cancelled,,21,Saturday
101963,1490,Zomato,Bengaluru,Curry Leaf,North Indian,2025-03-09 11:57:00,423.64,40.0,0,Wallet,57.8,Delivered,4.1,11,Sunday
100976,1057,Zomato,Chennai,Sweet Truth,Desserts,2025-02-07 15:59:00,206.05,30.0,0,UPI,27.3,Delivered,4.3,15,Friday
101342,1071,Zomato,Mumbai,Burger King,Fast Food,2025-03-30 07:56:00,376.66,20.0,1,Cash on Delivery,35.0,Delivered,4.9,7,Sunday
100396,1026,Zomato,Chennai,Pizza Hut,Pizza,2025-07-10 13:41:00,253.47,20.0,0,Credit Card,23.2,Delivered,4.5,13,Thursday
101940,1098,Uber Eats,Pune,Mainland China,Chinese,2025-04-20 22:10:00,199.9,30.0,0,Wallet,22.9,Delivered,4.7,22,Sunday
101090,1301,Swiggy,Chennai,Chennai Biryani Hub,Biryani,2025-04-29 13:50:00,351.12,40.0,1,Debit Card,34.8,Delivered,4.1,13,Tuesday
101979,1476,Uber Eats,Kolkata,Chowman,Chinese,2025-06-13 20:17:00,419.47,20.0,1,UPI,,Cancelled,,20,Friday
101780,1028,Swiggy,Bengaluru,Punjabi Tadka,North Indian,2025-06-10 21:45:00,476.59,49.0,1,UPI,43.2,Delivered,4.4,21,Tuesday
101242,1577,Swiggy,Hyderabad,Biryani Zone,Biryani,2025-07-02 14:57:00,331.43,30.0,1,UPI,37.0,Delivered,4.2,14,Wednesday
100921,1343,Swiggy,Pune,Biryani Zone,Biryani,2025-07-01 20:13:00,183.91,0.0,0,Cash on Delivery,29.7,Delivered,4.6,20,Tuesday
101750,1558,Swiggy,Chennai,Chennai Biryani Hub,Biryani,2025-02-01 19:47:00,261.27,30.0,0,Wallet,18.9,Delivered,5.0,19,Saturday
100110,1166,Swiggy,Bengaluru,Paradise Biryani,Biryani,2025-04-25 21:45:00,191.76,0.0,1,UPI,51.9,Delivered,4.2,21,Friday
100744,1477,Zomato,Chennai,Chowman,Chinese,2025-07-25 19:13:00,268.38,40.0,1,Credit Card,44.1,Delivered,4.5,19,Friday
100620,1260,Swiggy,Mumbai,Punjabi Tadka,North Indian,2025-05-02 21:15:00,476.19,0.0,1,Wallet,41.0,Delivered,3.8,21,Friday
101371,1205,Swiggy,Chennai,Chennai Biryani Hub,Biryani,2025-06-03 14:15:00,271.13,49.0,1,UPI,29.6,Delivered,5.0,14,Tuesday
100595,1481,Zomato,Coimbatore,China Town,Chinese,2025-07-03 16:12:00,370.91,0.0,0,Cash on Delivery,43.1,Delivered,4.3,16,Thursday
101438,1191,Swiggy,Bengaluru,Burger King,Fast Food,2025-06-03 11:34:00,237.12,20.0,1,Credit Card,38.9,Delivered,4.7,11,Tuesday
101280,1443,Swiggy,Chennai,Baskin Robbins,Desserts,2025-06-16 11:14:00,173.65,0.0,0,Wallet,28.8,Delivered,4.8,11,Monday
101934,1088,Zomato,Mumbai,Wok This Way,Chinese,2025-02-10 13:55:00,278.72,30.0,1,Wallet,,Cancelled,,13,Monday
100367,1189,Swiggy,Mumbai,Sweet Truth,Desserts,2025-04-30 22:43:00,186.38,20.0,1,Cash on Delivery,58.9,Delivered,4.5,22,Wednesday
101047,1360,Zomato,Bengaluru,Paradise Biryani,Biryani,2025-04-19 12:05:00,217.23,40.0,0,UPI,39.0,Delivered,4.1,12,Saturday
100002,1392,Swiggy,Bengaluru,Baskin Robbins,Desserts,2025-05-06 11:04:00,180.74,20.0,0,UPI,57.2,Delivered,4.4,11,Tuesday
100423,1348,Swiggy,Hyderabad,Chennai Biryani Hub,Biryani,2025-04-09 12:40:00,188.5,49.0,0,Wallet,37.4,Delivered,4.3,12,Wednesday
100377,1448,Uber Eats,Kolkata,Baskin Robbins,Desserts,2025-06-15 15:20:00,167.11,40.0,0,Cash on Delivery,31.0,Delivered,4.8,15,Sunday
101872,1362,Swiggy,Delhi,Punjabi Tadka,North Indian,2025-04-26 20:29:00,236.31,0.0,0,Debit Card,46.4,Delivered,4.2,20,Saturday
101385,1141,Zomato,Kolkata,Burger King,Fast Food,2025-07-29 11:59:00,176.35,20.0,0,Credit Card,54.9,Delivered,3.7,11,Tuesday
101038,1262,Zomato,Bengaluru,Oven Story,Pizza,2025-07-13 11:40:00,447.15,30.0,0,UPI,50.2,Delivered,4.7,11,Sunday
100308,1189,Swiggy,Mumbai,Chennai Biryani Hub,Biryani,2025-02-21 22:37:00,328.08,0.0,1,UPI,44.9,Delivered,4.2,22,Friday
101982,1032,Swiggy,Bengaluru,La Pino'z,Pizza,2025-04-07 23:14:00,623.66,20.0,1,Wallet,44.1,Delivered,4.4,23,Monday
100392,1220,Swiggy,Coimbatore,EatFit,Healthy Food,2025-02-28 17:10:00,318.15,0.0,0,UPI,35.6,Delivered,4.4,17,Friday
101126,1512,Swiggy,Hyderabad,Domino's,Pizza,2025-07-06 22:48:00,380.15,40.0,0,UPI,26.0,Delivered,4.8,22,Sunday
101396,1371,Swiggy,Chennai,Baskin Robbins,Desserts,2025-07-12 20:52:00,174.68,20.0,1,Credit Card,32.9,Delivered,4.8,20,Saturday
101850,1049,Swiggy,Chennai,Ocean Kitchen,Seafood,2025-03-11 21:26:00,675.71,20.0,1,UPI,29.2,Delivered,4.7,21,Tuesday
101227,1590,Swiggy,Chennai,Pizza Hut,Pizza,2025-07-08 11:30:00,379.26,20.0,1,Cash on Delivery,31.3,Delivered,4.1,11,Tuesday
101554,1274,Swiggy,Bengaluru,Biryani Zone,Biryani,2025-05-11 21:07:00,361.33,30.0,0,UPI,37.2,Delivered,4.1,21,Sunday
101361,1040,Swiggy,Mumbai,Chowman,Chinese,2025-07-10 19:12:00,431.41,40.0,1,UPI,39.3,Delivered,4.2,19,Thursday
101678,1554,Zomato,Chennai,Biryani Zone,Biryani,2025-06-02 21:28:00,320.71,40.0,0,UPI,43.3,Delivered,4.3,21,Monday
100718,1141,Zomato,Kolkata,Biryani Zone,Biryani,2025-05-07 14:28:00,365.45,0.0,0,Credit Card,58.6,Delivered,3.7,14,Wednesday
100340,1380,Swiggy,Bengaluru,Domino's,Pizza,2025-03-15 13:40:00,630.99,30.0,1,UPI,37.5,Delivered,4.6,13,Saturday
101228,1092,Swiggy,Mumbai,Dilli Darbar,North Indian,2025-05-03 13:13:00,286.25,20.0,0,Cash on Delivery,35.5,Delivered,4.9,13,Saturday
100657,1379,Zomato,Hyderabad,Sweet Truth,Desserts,2025-06-01 20:59:00,142.68,0.0,1,Credit Card,30.2,Delivered,4.9,20,Sunday
100544,1498,Zomato,Bengaluru,Saravana Bhavan,South Indian,2025-05-08 12:38:00,217.54,30.0,0,UPI,42.9,Delivered,4.3,12,Thursday
101109,1026,Swiggy,Hyderabad,Murugan Idli Shop,South Indian,2025-04-07 19:46:00,222.1,20.0,0,UPI,24.0,Delivered,4.4,19,Monday
101764,1345,Swiggy,Hyderabad,Domino's,Pizza,2025-06-21 13:13:00,568.41,20.0,1,Credit Card,52.5,Delayed,4.0,13,Saturday
100694,1054,Zomato,Delhi,Theobroma,Desserts,2025-02-03 20:45:00,198.02,0.0,0,Cash on Delivery,20.3,Delivered,5.0,20,Monday
100681,1082,Zomato,Chennai,Tandoor Nights,North Indian,2025-04-01 22:00:00,376.82,40.0,0,Debit Card,37.2,Delivered,4.4,22,Tuesday
101759,1348,Zomato,Kolkata,La Pino'z,Pizza,2025-06-13 12:52:00,509.0,20.0,0,UPI,43.4,Delivered,4.6,12,Friday
100455,1333,Swiggy,Delhi,Saravana Bhavan,South Indian,2025-04-24 15:28:00,303.42,0.0,1,UPI,36.4,Delivered,4.0,15,Thursday
101159,1204,Swiggy,Chennai,Chai Point,Beverages,2025-05-31 21:19:00,156.79,0.0,0,UPI,23.1,Delivered,4.3,21,Saturday
100593,1587,Swiggy,Chennai,Hyderabad House,Biryani,2025-04-06 18:56:00,282.73,0.0,1,Credit Card,30.4,Delivered,4.6,18,Sunday
101149,1511,Swiggy,Hyderabad,Baskin Robbins,Desserts,2025-05-04 20:57:00,207.1,20.0,0,UPI,25.9,Delivered,4.9,20,Sunday
100558,1475,Zomato,Mumbai,Mainland China,Chinese,2025-07-20 12:29:00,371.18,0.0,1,UPI,44.9,Delivered,4.3,12,Sunday
101015,1502,Zomato,Mumbai,Chennai Biryani Hub,Biryani,2025-03-30 18:17:00,267.13,40.0,0,Cash on Delivery,22.1,Delivered,5.0,18,Sunday
100540,1425,Zomato,Kolkata,Green Bowl,Healthy Food,2025-04-02 20:16:00,213.89,30.0,0,UPI,,Cancelled,,20,Wednesday
100127,1458,Zomato,Chennai,Domino's,Pizza,2025-06-16 12:11:00,444.46,0.0,0,Debit Card,55.0,Delayed,4.7,12,Monday
100556,1441,Uber Eats,Hyderabad,Oven Story,Pizza,2025-05-15 12:31:00,359.19,0.0,0,Debit Card,42.8,Delivered,4.9,12,Thursday
100196,1205,Swiggy,Mumbai,Punjabi Tadka,North Indian,2025-07-21 10:37:00,596.32,20.0,0,Debit Card,41.9,Delivered,4.9,10,Monday
101771,1226,Zomato,Bengaluru,Saravana Bhavan,South Indian,2025-03-05 22:02:00,223.485,30.0,1,Cash on Delivery,26.6,Delivered,4.5,22,Wednesday
101894,1080,Uber Eats,Delhi,Paradise Biryani,Biryani,2025-07-02 14:02:00,384.73,20.0,1,Credit Card,27.6,Delivered,4.6,14,Wednesday
101483,1067,Swiggy,Bengaluru,Sweet Truth,Desserts,2025-05-15 14:12:00,251.29,0.0,1,Debit Card,37.4,Delivered,4.6,14,Thursday
101893,1426,Zomato,Bengaluru,La Pino'z,Pizza,2025-03-25 14:46:00,343.12,49.0,1,Wallet,42.0,Delivered,4.2,14,Tuesday
100229,1106,Swiggy,Hyderabad,La Pino'z,Pizza,2025-05-18 19:41:00,428.46,30.0,0,Debit Card,37.7,Delivered,4.1,19,Sunday
100869,1024,Zomato,Hyderabad,Paradise Biryani,Biryani,2025-03-31 13:34:00,380.63,30.0,0,Debit Card,63.9,Delayed,4.0,13,Monday
101799,1313,Zomato,Delhi,Biryani Zone,Biryani,2025-04-20 19:15:00,98.41,0.0,1,UPI,48.0,Delivered,4.1,19,Sunday
101862,1508,Swiggy,Bengaluru,Paradise Biryani,Biryani,2025-05-17 12:55:00,348.77,40.0,1,UPI,47.8,Delivered,4.2,12,Saturday
100415,1406,Zomato,Bengaluru,Punjabi Tadka,North Indian,2025-04-12 10:11:00,405.18,20.0,0,Cash on Delivery,68.5,Delayed,4.1,10,Saturday
101838,1133,Swiggy,Chennai,Coastal Feast,Seafood,2025-07-16 20:47:00,574.47,40.0,1,Wallet,33.5,Delivered,5.0,20,Wednesday
101683,1477,Zomato,Delhi,Burger King,Fast Food,2025-06-04 23:05:00,219.67,49.0,1,UPI,51.1,Delayed,4.2,23,Wednesday
101271,1065,Zomato,Hyderabad,Domino's,Pizza,2025-02-04 16:23:00,390.21,30.0,0,Cash on Delivery,23.8,Delivered,4.6,16,Tuesday
101637,1373,Swiggy,Delhi,Chowman,Chinese,2025-03-16 12:29:00,410.93,30.0,0,Cash on Delivery,55.1,Delivered,4.7,12,Sunday
100619,1083,Swiggy,Coimbatore,Biryani Zone,Biryani,2025-06-01 20:45:00,394.85,40.0,1,Cash on Delivery,35.2,Delivered,4.3,20,Sunday
101876,1139,Swiggy,Bengaluru,Paradise Biryani,Biryani,2025-03-28 13:34:00,414.8,0.0,0,Cash on Delivery,40.9,Delivered,4.5,13,Friday
100951,1182,Swiggy,Coimbatore,Tandoor Nights,North Indian,2025-02-01 12:59:00,361.16,20.0,1,Credit Card,45.9,Delayed,4.3,12,Saturday
100795,1177,Swiggy,Mumbai,Mainland China,Chinese,2025-06-16 14:51:00,407.62,30.0,0,Credit Card,24.9,Delivered,5.0,14,Monday
100452,1299,Zomato,Chennai,Theobroma,Desserts,2025-07-28 18:06:00,141.06,0.0,0,UPI,50.1,Delivered,4.2,18,Monday
100895,1366,Swiggy,Mumbai,Sweet Truth,Desserts,2025-06-22 12:00:00,219.78,30.0,1,UPI,60.3,Delayed,4.0,12,Sunday
101338,1465,Zomato,Hyderabad,Hyderabad House,Biryani,2025-02-19 12:58:00,326.35,40.0,1,Credit Card,43.5,Delivered,3.8,12,Wednesday
101114,1116,Swiggy,Delhi,Tandoor Nights,North Indian,2025-04-27 22:03:00,320.86,0.0,0,UPI,13.9,Delivered,5.0,22,Sunday
101853,1096,Swiggy,Chennai,Punjabi Tadka,North Indian,2025-07-23 19:54:00,401.3,40.0,0,UPI,,Cancelled,,19,Wednesday
101870,1025,Zomato,Hyderabad,China Town,Chinese,2025-04-30 14:10:00,472.16,30.0,0,UPI,30.4,Delivered,4.4,14,Wednesday
101867,1456,Zomato,Bengaluru,Paradise Biryani,Biryani,2025-05-26 12:24:00,308.6,40.0,1,Cash on Delivery,48.1,Delivered,4.1,12,Monday
101037,1008,Swiggy,Pune,Pizza Hut,Pizza,2025-06-10 12:06:00,473.44,0.0,1,Credit Card,57.3,Delivered,3.9,12,Tuesday
101306,1152,Zomato,Mumbai,Chowman,Chinese,2025-03-12 18:54:00,359.31,20.0,1,Cash on Delivery,32.6,Delivered,4.3,18,Wednesday
100241,1350,Swiggy,Mumbai,Pizza Hut,Pizza,2025-04-21 18:40:00,505.02,30.0,0,Wallet,38.3,Delivered,4.3,18,Monday
101018,1024,Zomato,Chennai,Baskin Robbins,Desserts,2025-07-26 19:46:00,209.5,20.0,1,Debit Card,27.6,Delivered,4.6,19,Saturday
101215,1068,Swiggy,Chennai,Paradise Biryani,Biryani,2025-02-14 17:34:00,362.97,20.0,0,Cash on Delivery,28.8,Delivered,4.9,17,Friday
101913,1466,Zomato,Kolkata,Sweet Truth,Desserts,2025-02-21 12:21:00,178.53,30.0,0,UPI,40.8,Delivered,4.5,12,Friday
100108,1282,Uber Eats,Chennai,Sangeetha,South Indian,2025-06-02 21:45:00,187.8,0.0,0,Debit Card,50.9,Delivered,4.4,21,Monday
100684,1101,Swiggy,Chennai,Tandoor Nights,North Indian,2025-03-21 20:34:00,512.75,20.0,0,UPI,21.3,Delivered,4.5,20,Friday
100037,1496,Swiggy,Chennai,Paradise Biryani,Biryani,2025-03-24 14:18:00,212.75,49.0,0,Credit Card,41.9,Delivered,4.6,14,Monday
100855,1509,Uber Eats,Chennai,McDonald's,Fast Food,2025-03-16 11:59:00,337.37,30.0,1,UPI,48.6,Delivered,4.3,11,Sunday
101911,1532,Swiggy,Hyderabad,Murugan Idli Shop,South Indian,2025-05-09 12:27:00,230.92,40.0,1,Debit Card,33.3,Delivered,4.7,12,Friday
101260,1159,Zomato,Coimbatore,Burger King,Fast Food,2025-06-05 12:14:00,238.89,0.0,0,Wallet,25.9,Delivered,4.6,12,Thursday
100140,1589,Swiggy,Bengaluru,China Town,Chinese,2025-05-28 20:05:00,423.72,20.0,1,UPI,37.2,Delivered,4.9,20,Wednesday
101164,1310,Uber Eats,Mumbai,Third Wave Coffee,Beverages,2025-02-23 20:02:00,132.14,40.0,1,Credit Card,43.0,Delivered,4.6,20,Sunday
100058,1446,Zomato,Chennai,Dosa Plaza,South Indian,2025-03-22 20:46:00,211.75,49.0,0,Debit Card,48.9,Delivered,4.2,20,Saturday
101518,1296,Zomato,Delhi,Pizza Hut,Pizza,2025-04-27 13:55:00,505.56,40.0,1,UPI,31.5,Delivered,4.2,13,Sunday
100204,1274,Swiggy,Kolkata,Chennai Biryani Hub,Biryani,2025-06-15 21:25:00,348.45,40.0,0,UPI,40.0,Delivered,4.0,21,Sunday
101441,1307,Swiggy,Bengaluru,Chaayos,Beverages,2025-05-19 19:56:00,160.18,30.0,1,Wallet,29.4,Delivered,4.5,19,Monday
100830,1147,Zomato,Hyderabad,Mainland China,Chinese,2025-07-20 10:42:00,208.78,20.0,1,UPI,51.8,Delivered,4.1,10,Sunday
100426,1518,Swiggy,Chennai,Salad Days,Healthy Food,2025-03-02 13:57:00,288.34,0.0,0,Cash on Delivery,37.5,Delivered,4.8,13,Sunday
101758,1342,Zomato,Chennai,Tandoor Nights,North Indian,2025-06-19 13:59:00,474.42,20.0,1,UPI,39.5,Delivered,5.0,13,Thursday
101329,1205,Zomato,Kolkata,Domino's,Pizza,2025-05-29 15:30:00,528.88,0.0,0,Debit Card,65.5,Delayed,3.9,15,Thursday
100779,1510,Zomato,Coimbatore,Paradise Biryani,Biryani,2025-03-09 21:24:00,524.76,0.0,0,UPI,33.6,Delivered,4.8,21,Sunday
100572,1169,Zomato,Bengaluru,Saravana Bhavan,South Indian,2025-03-27 16:40:00,267.76,30.0,1,Cash on Delivery,36.4,Delivered,4.6,16,Thursday
101793,1166,Uber Eats,Coimbatore,Murugan Idli Shop,South Indian,2025-05-10 11:09:00,267.44,20.0,0,UPI,26.8,Delivered,4.4,11,Saturday
100034,1532,Swiggy,Coimbatore,Murugan Idli Shop,South Indian,2025-04-25 12:36:00,231.37,0.0,0,UPI,58.4,Delayed,3.7,12,Friday
100410,1104,Zomato,Mumbai,La Pino'z,Pizza,2025-02-02 19:08:00,359.04,40.0,1,Debit Card,31.2,Delivered,4.7,19,Sunday
100217,1057,Zomato,Chennai,Biryani Zone,Biryani,2025-06-12 21:26:00,518.88,0.0,0,Credit Card,25.9,Delivered,5.0,21,Thursday
101120,1008,Swiggy,Coimbatore,Chennai Biryani Hub,Biryani,2025-03-09 20:56:00,271.56,40.0,0,Debit Card,,Cancelled,,20,Sunday
101650,1113,Uber Eats,Pune,Wok This Way,Chinese,2025-05-12 21:48:00,287.86,0.0,1,Cash on Delivery,48.7,Delivered,4.4,21,Monday
100259,1352,Uber Eats,Chennai,Biryani Zone,Biryani,2025-02-23 12:14:00,264.56,30.0,1,Credit Card,,Cancelled,,12,Sunday
101195,1380,Zomato,Hyderabad,Tandoor Nights,North Indian,2025-04-01 10:05:00,370.82,49.0,0,UPI,26.4,Delivered,4.8,10,Tuesday
101246,1515,Swiggy,Pune,Third Wave Coffee,Beverages,2025-05-24 18:34:00,199.66,20.0,1,Credit Card,31.2,Delivered,4.6,18,Saturday
101206,1309,Zomato,Chennai,Dilli Darbar,North Indian,2025-07-30 19:29:00,382.42,40.0,0,Debit Card,41.0,Delivered,4.0,19,Wednesday
101106,1146,Zomato,Delhi,EatFit,Healthy Food,2025-05-25 13:30:00,367.56,20.0,0,UPI,37.6,Delivered,4.6,13,Sunday
100007,1418,Swiggy,Chennai,Wok This Way,Chinese,2025-07-28 21:16:00,494.89,20.0,1,Cash on Delivery,73.7,Delayed,3.8,21,Monday
100328,1084,Swiggy,Hyderabad,Punjabi Tadka,North Indian,2025-03-15 20:52:00,421.34,0.0,1,Cash on Delivery,21.3,Delivered,4.3,20,Saturday
100899,1369,Swiggy,Chennai,Biryani Zone,Biryani,2025-05-06 12:44:00,464.83,0.0,0,UPI,18.7,Delivered,5.0,12,Tuesday
101084,1120,Zomato,Mumbai,Paradise Biryani,Biryani,2025-07-18 19:12:00,251.77,20.0,0,UPI,59.4,Delivered,4.1,19,Friday
101417,1263,Zomato,Chennai,Pizza Hut,Pizza,2025-07-30 10:48:00,563.41,49.0,1,Cash on Delivery,33.2,Delivered,4.7,10,Wednesday
100020,1300,Uber Eats,Bengaluru,Third Wave Coffee,Beverages,2025-04-11 21:02:00,136.37,20.0,0,UPI,36.4,Delivered,5.0,21,Friday
100740,1490,Swiggy,Chennai,Mainland China,Chinese,2025-05-07 14:42:00,480.3,49.0,0,UPI,78.8,Delayed,3.4,14,Wednesday
101804,1076,Swiggy,Pune,Subway,Fast Food,2025-05-03 11:18:00,229.21,20.0,0,UPI,29.3,Delivered,4.8,11,Saturday
101831,1571,Zomato,Bengaluru,Dosa Plaza,South Indian,2025-06-10 12:45:00,184.97,40.0,1,UPI,27.1,Delivered,4.6,12,Tuesday
101880,1230,Swiggy,Chennai,Chennai Biryani Hub,Biryani,2025-02-18 13:15:00,165.86,0.0,0,UPI,25.8,Delivered,4.8,13,Tuesday
101789,1452,Swiggy,Delhi,Burger King,Fast Food,2025-05-04 15:36:00,430.8,40.0,1,Unknown,36.6,Delivered,4.4,15,Sunday
101210,1374,Uber Eats,Delhi,Paradise Biryani,Biryani,2025-04-01 21:38:00,220.65,0.0,1,Wallet,36.4,Delivered,4.6,21,Tuesday
100501,1391,Uber Eats,Mumbai,Murugan Idli Shop,South Indian,2025-07-04 19:12:00,224.96,40.0,1,Cash on Delivery,49.8,Delivered,4.0,19,Friday
101808,1053,Swiggy,Hyderabad,Tandoor Nights,North Indian,2025-06-09 17:00:00,383.94,30.0,1,UPI,20.7,Delivered,4.4,17,Monday
100953,1256,Uber Eats,Delhi,Biryani Zone,Biryani,2025-03-23 12:55:00,168.34,20.0,1,Wallet,46.6,Delivered,4.3,12,Sunday
101323,1531,Swiggy,Chennai,Chennai Biryani Hub,Biryani,2025-02-05 23:41:00,296.75,0.0,0,Debit Card,12.1,Delivered,4.8,23,Wednesday
101705,1515,Zomato,Bengaluru,Murugan Idli Shop,South Indian,2025-02-08 15:13:00,284.98,30.0,1,UPI,36.3,Delivered,4.2,15,Saturday
101297,1406,Swiggy,Mumbai,Mainland China,Chinese,2025-02-22 21:11:00,373.67,20.0,1,Wallet,37.4,Delivered,4.3,21,Saturday
101855,1511,Uber Eats,Kolkata,Pizza Hut,Pizza,2025-02-27 17:44:00,462.21,0.0,1,UPI,18.4,Delivered,4.7,17,Thursday
100441,1180,Swiggy,Chennai,McDonald's,Fast Food,2025-04-02 12:39:00,316.76,30.0,1,UPI,37.2,Delivered,4.4,12,Wednesday
101921,1321,Swiggy,Chennai,Baskin Robbins,Desserts,2025-02-02 19:05:00,165.77,20.0,0,Credit Card,37.1,Delivered,4.0,19,Sunday
100172,1462,Swiggy,Delhi,McDonald's,Fast Food,2025-02-28 11:07:00,313.83,40.0,1,Credit Card,,Cancelled,,11,Friday
101425,1488,Zomato,Bengaluru,Biryani Zone,Biryani,2025-07-13 19:33:00,308.17,40.0,1,Cash on Delivery,46.4,Delivered,4.3,19,Sunday
100470,1442,Uber Eats,Hyderabad,Wok This Way,Chinese,2025-06-28 19:12:00,384.32,20.0,1,UPI,31.6,Delivered,4.6,19,Saturday
101508,1517,Zomato,Delhi,Dosa Plaza,South Indian,2025-04-04 11:19:00,134.09,30.0,0,Cash on Delivery,24.0,Delivered,4.4,11,Friday
100185,1267,Zomato,Chennai,Subway,Fast Food,2025-05-31 11:01:00,288.31,20.0,0,Unknown,31.7,Delivered,4.1,11,Saturday
100237,1259,Swiggy,Bengaluru,Paradise Biryani,Biryani,2025-03-27 17:11:00,175.65,20.0,1,Credit Card,39.3,Delivered,4.7,17,Thursday
101918,1270,Swiggy,Kolkata,Pizza Hut,Pizza,2025-07-28 18:40:00,574.12,0.0,0,UPI,74.2,Delayed,3.6,18,Monday
101384,1231,Swiggy,Pune,Hyderabad House,Biryani,2025-07-21 17:34:00,260.28,30.0,1,Credit Card,31.6,Delivered,4.3,17,Monday
100375,1056,Swiggy,Hyderabad,Mainland China,Chinese,2025-04-10 13:54:00,247.55,20.0,0,Credit Card,35.5,Delivered,4.4,13,Thursday
100596,1347,Swiggy,Pune,Third Wave Coffee,Beverages,2025-07-05 21:41:00,124.02,40.0,0,Debit Card,43.8,Delivered,4.4,21,Saturday
100351,1026,Zomato,Chennai,Baskin Robbins,Desserts,2025-02-02 22:55:00,144.01,0.0,1,Wallet,33.2,Delivered,4.4,22,Sunday
101784,1436,Swiggy,Coimbatore,Mainland China,Chinese,2025-05-21 17:55:00,217.71,0.0,0,Credit Card,26.3,Delivered,4.9,17,Wednesday
101767,1280,Zomato,Mumbai,Tandoor Nights,North Indian,2025-04-27 12:22:00,521.96,20.0,1,Debit Card,46.3,Delivered,4.7,12,Sunday
100051,1116,Swiggy,Chennai,Tandoor Nights,North Indian,2025-03-08 20:26:00,392.99,0.0,0,Cash on Delivery,32.7,Delivered,4.7,20,Saturday
100036,1514,Swiggy,Mumbai,Third Wave Coffee,Beverages,2025-07-27 21:38:00,191.05,20.0,1,UPI,,Cancelled,,21,Sunday
101638,1109,Zomato,Chennai,Theobroma,Desserts,2025-07-20 14:44:00,257.61,20.0,0,Debit Card,,Cancelled,,14,Sunday
101644,1079,Swiggy,Bengaluru,Chowman,Chinese,2025-04-07 15:14:00,255.24,20.0,1,Wallet,39.2,Delivered,4.4,15,Monday
100298,1170,Zomato,Hyderabad,Pizza Hut,Pizza,2025-04-07 20:12:00,363.29,20.0,1,UPI,42.5,Delivered,4.3,20,Monday
101960,1503,Zomato,Chennai,Tandoor Nights,North Indian,2025-02-24 22:58:00,549.17,20.0,0,Credit Card,33.7,Delivered,4.2,22,Monday
100278,1038,Zomato,Bengaluru,Chennai Biryani Hub,Biryani,2025-07-07 10:15:00,319.65,0.0,0,Wallet,66.4,Delivered,3.7,10,Monday
101660,1371,Zomato,Delhi,Domino's,Pizza,2025-05-21 12:56:00,338.32,20.0,1,UPI,41.3,Delivered,4.4,12,Wednesday
101991,1262,Zomato,Pune,Pizza Hut,Pizza,2025-03-20 18:29:00,606.35,0.0,0,UPI,47.2,Delivered,4.5,18,Thursday
100967,1190,Zomato,Chennai,La Pino'z,Pizza,2025-05-05 21:28:00,462.98,30.0,0,UPI,65.1,Delayed,4.2,21,Monday
100882,1269,Swiggy,Delhi,Theobroma,Desserts,2025-03-05 23:13:00,226.7,0.0,0,Debit Card,38.7,Delivered,4.3,23,Wednesday
101374,1532,Swiggy,Mumbai,Pizza Hut,Pizza,2025-02-20 19:55:00,497.24,0.0,0,Credit Card,42.1,Delivered,4.1,19,Thursday
100804,1442,Zomato,Chennai,Sangeetha,South Indian,2025-07-26 11:00:00,131.4,0.0,0,Cash on Delivery,22.3,Delivered,4.4,11,Saturday
100977,1343,Uber Eats,Chennai,Punjabi Tadka,North Indian,2025-04-21 13:50:00,395.37,30.0,1,Wallet,23.1,Delivered,5.0,13,Monday
101520,1518,Swiggy,Chennai,Salad Days,Healthy Food,2025-05-26 21:39:00,288.41,20.0,1,Wallet,30.6,Delivered,4.7,21,Monday
101552,1319,Zomato,Chennai,Burger King,Fast Food,2025-06-26 13:32:00,315.65,30.0,0,Debit Card,16.8,Delivered,4.6,13,Thursday
101973,1204,Uber Eats,Pune,Salad Days,Healthy Food,2025-02-15 14:09:00,302.88,0.0,1,UPI,19.8,Delivered,4.8,14,Saturday
100450,1576,Zomato,Delhi,Hyderabad House,Biryani,2025-04-18 11:45:00,284.92,0.0,1,Wallet,36.0,Delivered,4.6,11,Friday
100146,1020,Zomato,Delhi,Chai Point,Beverages,2025-02-06 19:17:00,152.6,49.0,0,UPI,34.6,Delivered,4.5,19,Thursday
100325,1138,Uber Eats,Pune,Hyderabad House,Biryani,2025-05-08 20:18:00,352.55,20.0,1,UPI,47.4,Delivered,4.3,20,Thursday
101796,1585,Zomato,Chennai,Cream Stone,Desserts,2025-05-08 22:12:00,201.64,49.0,1,UPI,32.5,Delivered,4.4,22,Thursday
101028,1339,Zomato,Hyderabad,Chai Point,Beverages,2025-04-04 07:52:00,80.0,30.0,1,UPI,24.6,Delivered,5.0,7,Friday
101033,1188,Swiggy,Mumbai,Chennai Biryani Hub,Biryani,2025-07-22 21:47:00,485.5,20.0,1,Wallet,34.0,Delivered,4.4,21,Tuesday
101301,1240,Zomato,Delhi,Dosa Plaza,South Indian,2025-06-10 07:20:00,208.58,49.0,0,UPI,70.3,Delayed,3.6,7,Tuesday
100284,1264,Uber Eats,Chennai,Paradise Biryani,Biryani,2025-06-13 13:30:00,287.07,0.0,1,UPI,24.3,Delivered,4.7,13,Friday
101340,1320,Swiggy,Chennai,KFC,Fast Food,2025-06-30 14:04:00,267.55,0.0,0,UPI,39.6,Delivered,4.1,14,Monday
101908,1021,Uber Eats,Delhi,Fish Land,Seafood,2025-07-05 12:56:00,762.94,30.0,0,UPI,44.6,Delivered,3.9,12,Saturday
100206,1458,Zomato,Chennai,Chennai Biryani Hub,Biryani,2025-07-22 22:47:00,214.64,20.0,0,UPI,53.3,Delivered,4.2,22,Tuesday
101729,1062,Uber Eats,Hyderabad,Murugan Idli Shop,South Indian,2025-07-18 17:39:00,179.28,0.0,0,Wallet,27.1,Delivered,4.3,17,Friday
101843,1507,Swiggy,Hyderabad,Pizza Hut,Pizza,2025-05-10 20:54:00,607.65,20.0,0,Debit Card,32.7,Delivered,4.6,20,Saturday
101823,1526,Uber Eats,Delhi,Paradise Biryani,Biryani,2025-03-09 14:01:00,378.91,40.0,0,UPI,38.5,Delivered,4.3,14,Sunday
101334,1320,Swiggy,Pune,Sweet Truth,Desserts,2025-07-22 17:14:00,206.74,20.0,0,Debit Card,46.2,Delivered,4.6,17,Tuesday
101457,1273,Swiggy,Mumbai,Theobroma,Desserts,2025-05-17 14:36:00,81.35,40.0,0,UPI,51.0,Delivered,4.0,14,Saturday
100561,1026,Zomato,Hyderabad,Tandoor Nights,North Indian,2025-06-14 19:03:00,426.35,20.0,1,UPI,50.5,Delivered,3.6,19,Saturday
100447,1573,Zomato,Delhi,Punjabi Tadka,North Indian,2025-03-30 21:28:00,382.62,30.0,0,Debit Card,38.8,Delivered,4.2,21,Sunday
100587,1059,Zomato,Hyderabad,Domino's,Pizza,2025-05-22 13:01:00,486.58,0.0,0,UPI,68.8,Delayed,4.0,13,Thursday
100672,1381,Zomato,Bengaluru,Punjabi Tadka,North Indian,2025-07-23 21:04:00,360.76,0.0,1,Wallet,53.2,Delivered,4.0,21,Wednesday
101939,1124,Swiggy,Chennai,Domino's,Pizza,2025-05-12 15:10:00,461.4,49.0,0,Debit Card,19.8,Delivered,4.9,15,Monday
100734,1124,Zomato,Chennai,Chennai Biryani Hub,Biryani,2025-02-25 13:46:00,317.62,0.0,1,Cash on Delivery,19.2,Delivered,4.5,13,Tuesday
100876,1323,Swiggy,Chennai,Sangeetha,South Indian,2025-06-14 07:26:00,233.6,20.0,0,Wallet,48.9,Delivered,4.0,7,Saturday
101618,1072,Zomato,Hyderabad,La Pino'z,Pizza,2025-04-23 12:04:00,438.64,0.0,0,Credit Card,17.4,Delivered,5.0,12,Wednesday
100141,1128,Zomato,Chennai,Murugan Idli Shop,South Indian,2025-06-21 22:56:00,284.35,20.0,1,UPI,23.0,Delivered,4.4,22,Saturday
100838,1008,Zomato,Pune,Punjabi Tadka,North Indian,2025-05-20 18:41:00,334.42,40.0,0,UPI,38.9,Delivered,4.3,18,Tuesday
100374,1531,Uber Eats,Hyderabad,Wok This Way,Chinese,2025-02-11 13:12:00,524.86,20.0,0,Debit Card,40.1,Delivered,4.2,13,Tuesday
101975,1030,Zomato,Hyderabad,Chennai Biryani Hub,Biryani,2025-02-23 21:12:00,206.42,20.0,0,UPI,34.0,Delivered,4.2,21,Sunday
101978,1034,Zomato,Pune,Sweet Truth,Desserts,2025-02-11 17:33:00,207.39,30.0,0,UPI,33.9,Delivered,4.8,17,Tuesday
101138,1446,Zomato,Delhi,Biryani Zone,Biryani,2025-05-05 18:21:00,361.71,0.0,1,UPI,44.9,Delivered,4.0,18,Monday
100565,1142,Zomato,Pune,Domino's,Pizza,2025-02-16 14:22:00,362.8,0.0,0,UPI,32.1,Delivered,4.7,14,Sunday
100562,1295,Uber Eats,Kolkata,Paradise Biryani,Biryani,2025-03-14 22:37:00,235.22,40.0,1,Wallet,35.8,Delivered,4.7,22,Friday
101874,1245,Swiggy,Hyderabad,La Pino'z,Pizza,2025-05-29 18:37:00,659.15,0.0,1,UPI,35.8,Delivered,4.4,18,Thursday
100901,1025,Swiggy,Pune,Paradise Biryani,Biryani,2025-07-01 18:33:00,344.75,0.0,0,Wallet,28.6,Delivered,4.7,18,Tuesday
100824,1373,Zomato,Delhi,Tandoor Nights,North Indian,2025-07-09 13:40:00,346.55,0.0,0,Wallet,28.1,Delivered,4.7,13,Wednesday
101170,1377,Swiggy,Coimbatore,Bay Bites,Seafood,2025-03-16 10:19:00,521.29,40.0,0,UPI,21.0,Delivered,4.3,10,Sunday
101345,1598,Swiggy,Kolkata,Chowman,Chinese,2025-07-07 20:56:00,218.19,20.0,0,Credit Card,52.3,Delivered,3.9,20,Monday
101298,1318,Swiggy,Hyderabad,La Pino'z,Pizza,2025-02-13 08:34:00,484.73,49.0,0,Debit Card,27.4,Delivered,4.5,8,Thursday
100688,1267,Zomato,Mumbai,Sweet Truth,Desserts,2025-04-22 19:57:00,105.8,40.0,1,UPI,43.1,Delivered,3.7,19,Tuesday
101150,1221,Zomato,Bengaluru,Subway,Fast Food,2025-03-21 13:27:00,297.89,40.0,0,UPI,23.2,Delivered,4.5,13,Friday
101847,1325,Swiggy,Mumbai,Tandoor Nights,North Indian,2025-07-23 08:06:00,341.75,40.0,0,UPI,47.7,Delivered,4.6,8,Wednesday
100514,1575,Uber Eats,Kolkata,Biryani Zone,Biryani,2025-02-23 20:23:00,162.61,20.0,0,UPI,,Cancelled,,20,Sunday
101088,1390,Zomato,Chennai,Dilli Darbar,North Indian,2025-02-10 14:39:00,476.53,0.0,0,Credit Card,32.9,Delivered,4.5,14,Monday
100479,1065,Zomato,Mumbai,Bay Bites,Seafood,2025-02-20 21:21:00,579.15,20.0,0,Cash on Delivery,,Cancelled,,21,Thursday
100179,1300,Swiggy,Hyderabad,Saravana Bhavan,South Indian,2025-05-03 12:56:00,225.51,20.0,1,UPI,31.9,Delivered,4.4,12,Saturday
100905,1425,Swiggy,Mumbai,Burger King,Fast Food,2025-04-19 18:52:00,289.5,0.0,1,UPI,33.9,Delivered,3.8,18,Saturday
101828,1368,Zomato,Delhi,Dosa Plaza,South Indian,2025-07-06 07:42:00,223.49,20.0,0,Credit Card,33.5,Delivered,4.7,7,Sunday
101344,1112,Zomato,Delhi,La Pino'z,Pizza,2025-02-07 21:09:00,456.44,0.0,1,Debit Card,38.8,Delivered,4.1,21,Friday
101304,1366,Swiggy,Chennai,Sweet Truth,Desserts,2025-02-24 21:11:00,268.69,40.0,1,UPI,35.9,Delivered,4.7,21,Monday
100737,1200,Swiggy,Delhi,Chowman,Chinese,2025-02-10 20:35:00,479.44,0.0,0,UPI,38.6,Delivered,4.2,20,Monday
101259,1481,Swiggy,Bengaluru,La Pino'z,Pizza,2025-03-01 10:16:00,552.33,40.0,0,UPI,39.8,Delivered,3.9,10,Saturday
101586,1493,Swiggy,Hyderabad,Chennai Biryani Hub,Biryani,2025-03-09 19:51:00,356.48,0.0,0,UPI,29.5,Delivered,4.1,19,Sunday
100372,1246,Swiggy,Pune,Chennai Biryani Hub,Biryani,2025-04-05 22:20:00,375.4,0.0,1,UPI,46.6,Delivered,4.0,22,Saturday
100701,1369,Uber Eats,Bengaluru,Paradise Biryani,Biryani,2025-07-19 20:47:00,331.74,49.0,0,Credit Card,40.1,Delivered,4.5,20,Saturday
100603,1080,Zomato,Bengaluru,Third Wave Coffee,Beverages,2025-02-19 15:22:00,157.73,40.0,1,Wallet,35.9,Delivered,4.4,15,Wednesday
100691,1477,Uber Eats,Mumbai,Hyderabad House,Biryani,2025-06-19 13:42:00,368.16,0.0,0,UPI,36.5,Delivered,4.2,13,Thursday
100738,1442,Zomato,Pune,Starbucks,Beverages,2025-06-14 14:44:00,146.28,20.0,0,Cash on Delivery,54.5,Delivered,4.0,14,Saturday
101128,1333,Swiggy,Pune,Sangeetha,South Indian,2025-06-27 14:28:00,229.43,49.0,1,UPI,37.4,Delivered,4.2,14,Friday
100071,1113,Zomato,Coimbatore,Tandoor Nights,North Indian,2025-02-07 12:24:00,316.91,20.0,1,Credit Card,,Cancelled,,12,Friday
101196,1428,Swiggy,Chennai,Theobroma,Desserts,2025-07-25 13:07:00,212.04,0.0,0,Credit Card,45.3,Delivered,4.3,13,Friday
101238,1178,Swiggy,Hyderabad,Subway,Fast Food,2025-05-17 22:33:00,224.83,49.0,0,Cash on Delivery,48.9,Delivered,3.3,22,Saturday
101281,1443,Swiggy,Bengaluru,Domino's,Pizza,2025-06-18 18:19:00,135.62,40.0,0,Wallet,51.6,Delivered,4.1,18,Wednesday
101986,1496,Swiggy,Mumbai,Saravana Bhavan,South Indian,2025-07-24 20:16:00,224.58,0.0,1,Cash on Delivery,40.2,Delivered,4.8,20,Thursday
100828,1518,Uber Eats,Kolkata,Murugan Idli Shop,South Indian,2025-06-14 19:11:00,175.46,20.0,0,UPI,27.5,Delivered,5.0,19,Saturday
101926,1215,Zomato,Chennai,La Pino'z,Pizza,2025-02-14 19:06:00,372.59,49.0,1,Debit Card,27.6,Delivered,4.8,19,Friday
101278,1004,Zomato,Bengaluru,Sweet Truth,Desserts,2025-06-29 18:03:00,80.0,20.0,1,UPI,50.7,Delivered,4.3,18,Sunday
100200,1219,Zomato,Delhi,La Pino'z,Pizza,2025-04-14 12:38:00,589.88,20.0,0,UPI,27.4,Delivered,4.6,12,Monday
101817,1151,Zomato,Hyderabad,Hyderabad House,Biryani,2025-05-17 16:56:00,254.1,20.0,1,UPI,30.1,Delivered,4.5,16,Saturday
100299,1012,Swiggy,Chennai,Hyderabad House,Biryani,2025-03-05 21:28:00,372.59,49.0,1,UPI,78.6,Delayed,3.9,21,Wednesday
101133,1457,Uber Eats,Hyderabad,Domino's,Pizza,2025-02-15 13:07:00,474.05,40.0,1,Credit Card,53.2,Delayed,4.6,13,Saturday
100454,1358,Swiggy,Coimbatore,Chaayos,Beverages,2025-05-03 11:25:00,157.72,20.0,0,UPI,31.9,Delivered,4.1,11,Saturday
100262,1179,Swiggy,Chennai,Biryani Zone,Biryani,2025-04-24 14:37:00,364.75,0.0,1,Cash on Delivery,37.3,Delivered,4.1,14,Thursday
101702,1409,Swiggy,Bengaluru,EatFit,Healthy Food,2025-04-20 17:51:00,239.35,49.0,1,Wallet,42.6,Delivered,4.2,17,Sunday
100789,1007,Swiggy,Delhi,Curry Leaf,North Indian,2025-05-08 14:28:00,466.52,30.0,1,Cash on Delivery,51.6,Delivered,4.8,14,Thursday
100412,1167,Zomato,Hyderabad,Oven Story,Pizza,2025-04-16 19:33:00,299.46,40.0,1,Debit Card,32.0,Delivered,4.1,19,Wednesday
100857,1034,Swiggy,Hyderabad,Murugan Idli Shop,South Indian,2025-02-01 15:10:00,226.96,0.0,0,Wallet,33.3,Delivered,4.6,15,Saturday
100116,1022,Swiggy,Chennai,Dosa Plaza,South Indian,2025-05-23 20:32:00,208.58,49.0,0,Credit Card,63.1,Delayed,3.2,20,Friday
101844,1445,Swiggy,Bengaluru,Dosa Plaza,South Indian,2025-05-22 22:35:00,279.22,20.0,0,UPI,44.8,Delivered,4.1,22,Thursday
101631,1538,Zomato,Hyderabad,Biryani Zone,Biryani,2025-07-03 19:43:00,251.01,0.0,0,Wallet,31.9,Delivered,4.5,19,Thursday
100004,1259,Zomato,Chennai,Hyderabad House,Biryani,2025-02-10 16:03:00,381.97,0.0,0,Cash on Delivery,32.4,Delivered,4.0,16,Monday
100341,1174,Zomato,Pune,Hyderabad House,Biryani,2025-05-10 18:55:00,395.13,20.0,1,Credit Card,68.2,Delayed,3.5,18,Saturday
100046,1267,Swiggy,Hyderabad,La Pino'z,Pizza,2025-03-09 18:52:00,486.61,0.0,0,Debit Card,16.6,Delivered,4.8,18,Sunday
101315,1179,Swiggy,Mumbai,Dosa Plaza,South Indian,2025-04-08 17:57:00,166.35,20.0,0,Wallet,58.8,Delivered,4.1,17,Tuesday
101948,1000,Uber Eats,Mumbai,China Town,Chinese,2025-06-30 20:35:00,371.55,49.0,0,Debit Card,41.1,Delivered,4.4,20,Monday
101787,1059,Zomato,Delhi,China Town,Chinese,2025-05-10 13:27:00,219.49,20.0,0,UPI,46.9,Delivered,4.8,13,Saturday
100788,1326,Zomato,Bengaluru,Subway,Fast Food,2025-04-02 11:37:00,263.82,20.0,0,UPI,40.5,Delivered,4.3,11,Wednesday
101562,1149,Zomato,Bengaluru,Paradise Biryani,Biryani,2025-07-09 22:49:00,371.84,30.0,1,UPI,47.4,Delivered,4.3,22,Wednesday
101363,1121,Uber Eats,Coimbatore,Hyderabad House,Biryani,2025-05-14 21:37:00,439.61,40.0,0,Credit Card,22.5,Delivered,4.8,21,Wednesday
101623,1009,Uber Eats,Kolkata,Tandoor Nights,North Indian,2025-07-07 12:31:00,505.99,30.0,0,Cash on Delivery,33.6,Delivered,4.4,12,Monday
100517,1039,Uber Eats,Chennai,Hyderabad House,Biryani,2025-05-03 11:17:00,417.12,20.0,1,UPI,29.9,Delivered,4.7,11,Saturday
101964,1490,Swiggy,Bengaluru,Biryani Zone,Biryani,2025-04-14 22:17:00,513.91,0.0,1,UPI,36.1,Delivered,4.1,22,Monday
101251,1246,Zomato,Chennai,Domino's,Pizza,2025-04-17 13:20:00,605.49,49.0,1,UPI,27.9,Delivered,4.7,13,Thursday
101494,1246,Uber Eats,Bengaluru,Subway,Fast Food,2025-05-02 12:37:00,435.27,20.0,1,UPI,37.8,Delivered,4.3,12,Friday
100194,1575,Uber Eats,Mumbai,Burger King,Fast Food,2025-02-09 21:25:00,371.53,40.0,1,Wallet,45.6,Delivered,4.5,21,Sunday
101600,1180,Swiggy,Mumbai,Chennai Biryani Hub,Biryani,2025-07-24 13:17:00,80.0,30.0,1,Credit Card,47.4,Delivered,4.3,13,Thursday
100928,1251,Swiggy,Chennai,KFC,Fast Food,2025-04-01 13:38:00,261.63,20.0,0,UPI,,Cancelled,,13,Tuesday
101513,1198,Swiggy,Chennai,Baskin Robbins,Desserts,2025-02-05 12:04:00,214.43,20.0,0,Cash on Delivery,35.9,Delivered,4.7,12,Wednesday
101205,1541,Zomato,Delhi,Wok This Way,Chinese,2025-03-31 14:52:00,360.64,40.0,0,Cash on Delivery,33.5,Delivered,4.4,14,Monday
100360,1507,Zomato,Bengaluru,Mainland China,Chinese,2025-03-09 19:33:00,197.05,0.0,1,UPI,54.3,Delivered,4.4,19,Sunday
100983,1388,Swiggy,Bengaluru,La Pino'z,Pizza,2025-06-08 19:07:00,438.19,0.0,0,Cash on Delivery,44.5,Delivered,4.7,19,Sunday
101807,1288,Zomato,Mumbai,EatFit,Healthy Food,2025-03-03 22:08:00,225.23,20.0,0,UPI,46.4,Delivered,4.4,22,Monday
101819,1176,Uber Eats,Mumbai,Green Bowl,Healthy Food,2025-02-13 12:58:00,307.09,49.0,0,Wallet,47.3,Delivered,4.1,12,Thursday
100879,1378,Zomato,Hyderabad,La Pino'z,Pizza,2025-04-17 19:43:00,592.09,30.0,0,Credit Card,47.4,Delivered,3.8,19,Thursday
101737,1059,Zomato,Chennai,Murugan Idli Shop,South Indian,2025-05-25 12:08:00,257.85,20.0,1,UPI,30.9,Delivered,4.9,12,Sunday
100330,1328,Zomato,Kolkata,Baskin Robbins,Desserts,2025-03-09 11:42:00,134.25,0.0,0,UPI,39.7,Delivered,3.9,11,Sunday
100419,1303,Uber Eats,Pune,Tandoor Nights,North Indian,2025-02-10 18:21:00,275.4,40.0,1,UPI,40.4,Delivered,4.5,18,Monday
101075,1098,Zomato,Hyderabad,Dosa Plaza,South Indian,2025-03-06 14:23:00,211.57,49.0,1,UPI,48.7,Delivered,4.3,14,Thursday
100109,1423,Swiggy,Kolkata,McDonald's,Fast Food,2025-05-07 16:30:00,347.59,49.0,0,Debit Card,49.2,Delivered,4.5,16,Wednesday
100810,1026,Swiggy,Mumbai,Dosa Plaza,South Indian,2025-05-03 20:11:00,190.77,30.0,0,Cash on Delivery,39.2,Delivered,4.4,20,Saturday
101139,1323,Zomato,Pune,Curry Leaf,North Indian,2025-06-22 20:32:00,394.2,40.0,0,UPI,36.0,Delivered,4.8,20,Sunday
101151,1302,Swiggy,Hyderabad,Cream Stone,Desserts,2025-06-09 16:09:00,121.25,49.0,1,UPI,48.0,Delivered,4.0,16,Monday
101954,1582,Zomato,Bengaluru,Wok This Way,Chinese,2025-06-25 13:42:00,249.27,40.0,0,Debit Card,56.3,Delivered,4.2,13,Wednesday
101305,1402,Swiggy,Chennai,Hyderabad House,Biryani,2025-05-01 20:02:00,414.02,20.0,1,Credit Card,31.6,Delivered,4.8,20,Thursday
100397,1117,Uber Eats,Chennai,Oven Story,Pizza,2025-03-10 09:09:00,456.89,40.0,1,Cash on Delivery,31.1,Delivered,4.8,9,Monday
101261,1554,Uber Eats,Kolkata,Hyderabad House,Biryani,2025-07-13 12:48:00,237.67,40.0,0,UPI,27.0,Delivered,4.7,12,Sunday
100095,1172,Swiggy,Chennai,Saravana Bhavan,South Indian,2025-05-31 19:48:00,223.14,20.0,1,Wallet,39.5,Delivered,4.7,19,Saturday
101401,1144,Zomato,Delhi,Domino's,Pizza,2025-04-19 22:07:00,340.01,20.0,0,Debit Card,21.6,Delivered,4.6,22,Saturday
101283,1480,Zomato,Chennai,Chennai Biryani Hub,Biryani,2025-02-01 18:10:00,249.95,0.0,0,UPI,27.3,Delivered,4.5,18,Saturday
100019,1270,Swiggy,Bengaluru,Tandoor Nights,North Indian,2025-05-12 20:57:00,379.42,30.0,0,Debit Card,27.8,Delivered,5.0,20,Monday
101167,1239,Swiggy,Hyderabad,Curry Leaf,North Indian,2025-06-26 13:57:00,260.16,40.0,1,UPI,,Cancelled,,13,Thursday
101048,1401,Swiggy,Bengaluru,Pizza Hut,Pizza,2025-07-23 23:12:00,519.68,40.0,0,Unknown,35.4,Delivered,4.0,23,Wednesday
100528,1549,Swiggy,Pune,Salad Days,Healthy Food,2025-02-26 11:59:00,433.36,30.0,1,Cash on Delivery,44.6,Delivered,4.3,11,Wednesday
101547,1509,Swiggy,Bengaluru,Dosa Plaza,South Indian,2025-04-19 14:06:00,244.4,0.0,0,Debit Card,26.5,Delivered,5.0,14,Saturday
101277,1464,Swiggy,Pune,Wok This Way,Chinese,2025-05-20 10:06:00,380.82,0.0,0,UPI,23.2,Delivered,4.6,10,Tuesday
100358,1054,Zomato,Delhi,Tandoor Nights,North Indian,2025-03-26 13:49:00,406.31,0.0,0,Wallet,36.5,Delivered,4.7,13,Wednesday
100430,1050,Uber Eats,Mumbai,Curry Leaf,North Indian,2025-06-06 12:10:00,423.97,20.0,1,UPI,50.3,Delivered,3.8,12,Friday
100829,1017,Zomato,Mumbai,Theobroma,Desserts,2025-07-17 19:14:00,178.38,30.0,0,Wallet,43.8,Delivered,4.0,19,Thursday
100881,1510,Zomato,Kolkata,La Pino'z,Pizza,2025-02-15 09:58:00,381.4,20.0,1,Wallet,28.1,Delivered,5.0,9,Saturday
100222,1422,Uber Eats,Delhi,Hyderabad House,Biryani,2025-05-25 13:08:00,323.37,20.0,1,UPI,43.1,Delivered,4.5,13,Sunday
100802,1309,Swiggy,Bengaluru,Sweet Truth,Desserts,2025-02-27 12:23:00,118.53,40.0,1,UPI,27.3,Delivered,5.0,12,Thursday
100731,1251,Swiggy,Kolkata,McDonald's,Fast Food,2025-04-26 13:58:00,278.14,0.0,1,Credit Card,15.0,Delivered,4.6,13,Saturday
101937,1332,Swiggy,Delhi,Sangeetha,South Indian,2025-02-15 19:42:00,165.27,20.0,1,UPI,68.6,Delayed,4.1,19,Saturday
100707,1343,Swiggy,Delhi,KFC,Fast Food,2025-03-25 17:27:00,366.34,0.0,0,Unknown,43.6,Delivered,4.0,17,Tuesday
100111,1468,Swiggy,Bengaluru,Saravana Bhavan,South Indian,2025-04-07 19:11:00,162.42,30.0,0,UPI,43.1,Delivered,3.5,19,Monday
100361,1534,Swiggy,Bengaluru,Biryani Zone,Biryani,2025-03-21 12:15:00,405.73,49.0,0,Wallet,39.1,Delivered,4.5,12,Friday
101276,1394,Zomato,Hyderabad,Oven Story,Pizza,2025-04-16 17:57:00,457.21000000000004,0.0,1,Wallet,32.9,Delivered,4.2,17,Wednesday
100339,1571,Swiggy,Hyderabad,Domino's,Pizza,2025-03-03 19:48:00,384.93,0.0,1,Unknown,38.4,Delivered,4.3,19,Monday
101592,1230,Zomato,Delhi,Punjabi Tadka,North Indian,2025-03-20 23:19:00,504.13,49.0,1,Wallet,,Cancelled,,23,Thursday
100313,1168,Swiggy,Mumbai,Chowman,Chinese,2025-05-02 20:38:00,268.13,30.0,1,UPI,68.2,Delayed,4.0,20,Friday
100287,1343,Swiggy,Hyderabad,Sangeetha,South Indian,2025-07-19 18:33:00,272.96,20.0,0,Wallet,,Cancelled,,18,Saturday
101183,1268,Swiggy,Hyderabad,Chowman,Chinese,2025-07-17 17:20:00,322.01,20.0,0,Wallet,31.9,Delivered,4.5,17,Thursday
101229,1172,Zomato,Bengaluru,Dilli Darbar,North Indian,2025-02-09 22:57:00,452.28,40.0,0,UPI,49.1,Delivered,4.3,22,Sunday
101972,1409,Swiggy,Bengaluru,La Pino'z,Pizza,2025-07-29 19:23:00,417.62,20.0,1,Wallet,55.2,Delayed,4.0,19,Tuesday
100948,1568,Swiggy,Pune,Dilli Darbar,North Indian,2025-03-09 20:04:00,324.29,20.0,0,Unknown,24.0,Delivered,4.5,20,Sunday
101116,1597,Swiggy,Mumbai,Tandoor Nights,North Indian,2025-02-22 20:09:00,441.89,30.0,0,UPI,30.3,Delivered,4.0,20,Saturday
101665,1237,Zomato,Hyderabad,China Town,Chinese,2025-05-19 19:51:00,409.06,30.0,0,Cash on Delivery,22.2,Delivered,5.0,19,Monday
100630,1442,Zomato,Chennai,Tandoor Nights,North Indian,2025-02-22 23:12:00,440.45,30.0,0,Credit Card,22.9,Delivered,5.0,23,Saturday
101568,1545,Zomato,Mumbai,Saravana Bhavan,South Indian,2025-02-25 13:31:00,242.66,30.0,0,UPI,34.2,Delivered,4.3,13,Tuesday
100674,1373,Zomato,Pune,Dosa Plaza,South Indian,2025-02-19 12:17:00,191.26,0.0,0,UPI,49.1,Delayed,4.4,12,Wednesday
100353,1261,Swiggy,Bengaluru,China Town,Chinese,2025-07-18 17:38:00,305.08,20.0,0,UPI,30.1,Delivered,4.5,17,Friday
101736,1301,Swiggy,Delhi,Chennai Biryani Hub,Biryani,2025-06-20 19:44:00,113.45,49.0,1,UPI,30.0,Delivered,4.8,19,Friday
101731,1542,Swiggy,Kolkata,Saravana Bhavan,South Indian,2025-06-05 13:07:00,328.45,30.0,0,UPI,40.8,Delivered,4.5,13,Thursday
100017,1076,Zomato,Chennai,Punjabi Tadka,North Indian,2025-06-07 19:12:00,143.49,20.0,0,Debit Card,53.4,Delivered,3.5,19,Saturday
100611,1277,Zomato,Bengaluru,Mainland China,Chinese,2025-04-21 18:15:00,210.89,30.0,1,Cash on Delivery,45.3,Delivered,4.3,18,Monday
101506,1548,Uber Eats,Hyderabad,EatFit,Healthy Food,2025-05-28 20:32:00,334.24,40.0,1,Credit Card,23.0,Delivered,5.0,20,Wednesday
100669,1079,Zomato,Mumbai,Burger King,Fast Food,2025-04-12 22:09:00,292.56,0.0,1,Wallet,56.9,Delivered,3.7,22,Saturday
100504,1164,Zomato,Delhi,Burger King,Fast Food,2025-03-24 19:35:00,251.95,40.0,0,Debit Card,38.1,Delivered,4.6,19,Monday
101203,1456,Swiggy,Mumbai,Chennai Biryani Hub,Biryani,2025-07-03 09:25:00,386.47,0.0,0,UPI,35.2,Delivered,4.3,9,Thursday
101748,1482,Zomato,Pune,Dilli Darbar,North Indian,2025-04-15 18:56:00,274.37,30.0,1,Cash on Delivery,46.9,Delivered,4.3,18,Tuesday
100635,1411,Swiggy,Chennai,Chowman,Chinese,2025-02-19 14:08:00,364.75,20.0,0,Credit Card,23.3,Delivered,4.7,14,Wednesday
101286,1544,Uber Eats,Kolkata,Murugan Idli Shop,South Indian,2025-07-12 16:53:00,183.56,49.0,0,Wallet,89.2,Delayed,3.7,16,Saturday
101674,1430,Zomato,Mumbai,Mainland China,Chinese,2025-06-25 17:05:00,256.19,20.0,0,UPI,55.4,Delivered,3.5,17,Wednesday
100054,1298,Swiggy,Mumbai,McDonald's,Fast Food,2025-02-08 11:42:00,407.03,40.0,0,Wallet,42.9,Delivered,4.6,11,Saturday
100263,1555,Uber Eats,Hyderabad,KFC,Fast Food,2025-03-31 19:33:00,296.27,20.0,0,Wallet,42.3,Delivered,4.4,19,Monday
100101,1119,Swiggy,Chennai,La Pino'z,Pizza,2025-05-29 15:59:00,521.81,20.0,0,UPI,21.8,Delivered,4.9,15,Thursday
100275,1289,Swiggy,Pune,Baskin Robbins,Desserts,2025-05-26 13:13:00,133.91,49.0,1,UPI,47.1,Delivered,4.0,13,Monday
100507,1148,Zomato,Pune,Tandoor Nights,North Indian,2025-02-27 18:07:00,425.63,40.0,0,UPI,29.1,Delivered,5.0,18,Thursday
101104,1183,Zomato,Kolkata,Tandoor Nights,North Indian,2025-06-02 12:53:00,375.63,20.0,1,Cash on Delivery,43.9,Delivered,4.0,12,Monday
100249,1024,Uber Eats,Hyderabad,Burger King,Fast Food,2025-02-26 20:39:00,326.36,0.0,0,UPI,63.8,Delayed,3.6,20,Wednesday
101397,1392,Swiggy,Delhi,Paradise Biryani,Biryani,2025-04-18 18:43:00,239.45,30.0,1,Wallet,32.4,Delivered,4.5,18,Friday
101431,1111,Zomato,Kolkata,Punjabi Tadka,North Indian,2025-04-01 22:39:00,316.56,30.0,0,UPI,22.5,Delivered,5.0,22,Tuesday
101244,1525,Swiggy,Delhi,Biryani Zone,Biryani,2025-04-15 10:15:00,380.96,0.0,0,UPI,18.4,Delivered,4.7,10,Tuesday
101820,1187,Swiggy,Delhi,Chowman,Chinese,2025-05-17 21:10:00,509.42,40.0,1,Cash on Delivery,36.8,Delivered,4.6,21,Saturday
100344,1543,Uber Eats,Hyderabad,Domino's,Pizza,2025-04-13 22:53:00,576.66,49.0,0,Cash on Delivery,22.1,Delivered,5.0,22,Sunday
100649,1509,Zomato,Pune,Hyderabad House,Biryani,2025-05-12 11:33:00,310.66,20.0,0,Debit Card,23.6,Delivered,4.4,11,Monday
101467,1230,Zomato,Mumbai,Baskin Robbins,Desserts,2025-02-15 22:57:00,212.22,20.0,0,Debit Card,50.9,Delivered,4.6,22,Saturday
100699,1057,Zomato,Hyderabad,Paradise Biryani,Biryani,2025-06-11 23:48:00,374.0,30.0,1,UPI,40.0,Delivered,4.7,23,Wednesday
100571,1249,Zomato,Chennai,Chennai Biryani Hub,Biryani,2025-04-01 14:55:00,398.9,0.0,0,Wallet,32.9,Delivered,4.4,14,Tuesday
100060,1553,Uber Eats,Mumbai,Chennai Biryani Hub,Biryani,2025-07-22 11:02:00,296.19,30.0,1,Debit Card,,Cancelled,,11,Tuesday
100832,1271,Zomato,Hyderabad,Pizza Hut,Pizza,2025-06-06 13:29:00,601.66,20.0,0,UPI,33.5,Delivered,4.3,13,Friday
100586,1413,Swiggy,Bengaluru,Dosa Plaza,South Indian,2025-02-28 20:13:00,349.7,20.0,0,UPI,43.6,Delivered,4.4,20,Friday
100525,1186,Swiggy,Hyderabad,Third Wave Coffee,Beverages,2025-07-13 12:05:00,131.51,30.0,0,Cash on Delivery,27.9,Delivered,4.2,12,Sunday
100363,1536,Swiggy,Mumbai,Chai Point,Beverages,2025-02-05 07:44:00,133.37,20.0,1,UPI,38.8,Delivered,4.1,7,Wednesday
100997,1216,Swiggy,Hyderabad,KFC,Fast Food,2025-06-09 12:39:00,413.64,49.0,0,Credit Card,45.3,Delivered,4.3,12,Monday
100210,1156,Zomato,Bengaluru,Dilli Darbar,North Indian,2025-07-24 20:07:00,408.88,0.0,0,Unknown,35.7,Delivered,4.8,20,Thursday
100281,1291,Swiggy,Chennai,Pizza Hut,Pizza,2025-02-12 20:59:00,397.35,30.0,1,Credit Card,50.7,Delivered,3.9,20,Wednesday
101435,1061,Uber Eats,Mumbai,Curry Leaf,North Indian,2025-07-15 22:46:00,499.14,30.0,1,Credit Card,50.0,Delivered,4.4,22,Tuesday
100658,1043,Swiggy,Pune,Hyderabad House,Biryani,2025-07-23 14:23:00,437.97,30.0,1,Credit Card,46.7,Delivered,4.3,14,Wednesday
100729,1394,Swiggy,Delhi,Domino's,Pizza,2025-07-23 16:34:00,543.63,0.0,1,UPI,,Cancelled,,16,Wednesday
100945,1071,Uber Eats,Kolkata,Pizza Hut,Pizza,2025-02-11 11:34:00,596.81,40.0,0,Debit Card,65.4,Delayed,4.1,11,Tuesday
101247,1278,Zomato,Chennai,FreshMenu,Healthy Food,2025-05-26 20:25:00,406.38,49.0,1,UPI,32.2,Delivered,4.7,20,Monday
101252,1044,Swiggy,Chennai,Punjabi Tadka,North Indian,2025-02-26 20:08:00,527.82,30.0,0,Debit Card,34.9,Delivered,4.4,20,Wednesday
101656,1508,Swiggy,Kolkata,Saravana Bhavan,South Indian,2025-04-07 08:56:00,236.5,30.0,0,UPI,49.2,Delivered,3.9,8,Monday
101098,1024,Swiggy,Delhi,Wok This Way,Chinese,2025-07-19 12:29:00,192.32,49.0,0,Credit Card,54.4,Delivered,4.4,12,Saturday
100324,1585,Swiggy,Mumbai,Paradise Biryani,Biryani,2025-04-11 11:49:00,218.0,0.0,1,Wallet,28.5,Delivered,5.0,11,Friday
100933,1389,Zomato,Chennai,Domino's,Pizza,2025-03-13 23:03:00,413.11,30.0,0,Wallet,27.8,Delivered,4.2,23,Thursday
101827,1590,Swiggy,Hyderabad,Subway,Fast Food,2025-07-15 14:26:00,317.52,40.0,1,Credit Card,29.0,Delivered,4.5,14,Tuesday
100028,1327,Zomato,Mumbai,Murugan Idli Shop,South Indian,2025-07-08 12:51:00,294.75,0.0,1,Wallet,37.9,Delivered,4.3,12,Tuesday
101956,1317,Swiggy,Pune,Pizza Hut,Pizza,2025-03-05 19:55:00,415.18,0.0,1,Cash on Delivery,42.7,Delivered,4.3,19,Wednesday
100606,1193,Uber Eats,Chennai,Chennai Biryani Hub,Biryani,2025-04-08 21:18:00,216.67,0.0,1,UPI,25.4,Delivered,5.0,21,Tuesday
100359,1449,Swiggy,Mumbai,Burger King,Fast Food,2025-05-20 12:16:00,323.68,40.0,0,UPI,40.0,Delivered,4.4,12,Tuesday
100527,1086,Zomato,Chennai,Paradise Biryani,Biryani,2025-02-28 12:15:00,354.46,20.0,0,Debit Card,56.1,Delivered,4.6,12,Friday
101803,1155,Zomato,Hyderabad,Tandoor Nights,North Indian,2025-05-20 19:04:00,80.0,40.0,1,Cash on Delivery,28.2,Delivered,4.5,19,Tuesday
100224,1432,Swiggy,Chennai,Tandoor Nights,North Indian,2025-04-05 20:06:00,360.98,20.0,0,UPI,46.9,Delivered,4.3,20,Saturday
100438,1048,Uber Eats,Chennai,FreshMenu,Healthy Food,2025-02-01 12:14:00,259.08,20.0,1,Unknown,,Cancelled,,12,Saturday
100463,1251,Swiggy,Bengaluru,Baskin Robbins,Desserts,2025-05-12 11:26:00,132.57,20.0,1,Cash on Delivery,48.4,Delivered,3.9,11,Monday
101275,1427,Swiggy,Chennai,Cream Stone,Desserts,2025-03-28 14:02:00,200.37,40.0,0,UPI,20.4,Delivered,5.0,14,Friday
100848,1491,Swiggy,Bengaluru,Paradise Biryani,Biryani,2025-04-23 21:02:00,302.95,0.0,1,Cash on Delivery,41.6,Delivered,4.6,21,Wednesday
101420,1569,Swiggy,Bengaluru,Punjabi Tadka,North Indian,2025-06-23 09:18:00,382.54,40.0,0,UPI,45.4,Delivered,4.3,9,Monday
100975,1135,Swiggy,Chennai,Domino's,Pizza,2025-04-16 14:38:00,487.5,30.0,1,UPI,22.3,Delivered,4.6,14,Wednesday
101194,1315,Zomato,Bengaluru,Hyderabad House,Biryani,2025-07-20 13:48:00,234.39,30.0,0,Credit Card,34.8,Delivered,4.2,13,Sunday
101851,1151,Swiggy,Delhi,Punjabi Tadka,North Indian,2025-06-22 20:25:00,378.2,0.0,0,Debit Card,33.9,Delivered,4.2,20,Sunday
100903,1530,Swiggy,Hyderabad,Sweet Truth,Desserts,2025-06-04 12:48:00,175.58,49.0,0,UPI,29.9,Delivered,4.5,12,Wednesday
100471,1482,Swiggy,Hyderabad,Chennai Biryani Hub,Biryani,2025-04-19 11:51:00,113.03,0.0,1,Cash on Delivery,35.3,Delivered,4.4,11,Saturday
100660,1106,Swiggy,Chennai,Tandoor Nights,North Indian,2025-05-11 21:33:00,559.79,40.0,0,UPI,40.5,Delivered,4.2,21,Sunday
101427,1541,Zomato,Chennai,Punjabi Tadka,North Indian,2025-07-28 14:05:00,411.89,49.0,1,UPI,29.6,Delivered,4.4,14,Monday
101531,1005,Zomato,Bengaluru,Ocean Kitchen,Seafood,2025-02-19 12:18:00,626.19,40.0,0,Debit Card,62.1,Delivered,3.9,12,Wednesday
100151,1168,Uber Eats,Mumbai,Biryani Zone,Biryani,2025-07-02 19:47:00,311.51,30.0,0,Credit Card,,Cancelled,,19,Wednesday
100215,1163,Zomato,Delhi,Tandoor Nights,North Indian,2025-05-17 19:49:00,402.34,49.0,1,UPI,46.4,Delivered,4.3,19,Saturday
100098,1382,Zomato,Bengaluru,Burger King,Fast Food,2025-03-25 16:06:00,402.11,0.0,0,Credit Card,41.1,Delivered,4.9,16,Tuesday
101395,1354,Uber Eats,Hyderabad,Cream Stone,Desserts,2025-06-08 21:18:00,249.38,20.0,0,Debit Card,37.2,Delivered,5.0,21,Sunday
100610,1500,Swiggy,Mumbai,Chennai Biryani Hub,Biryani,2025-03-15 12:55:00,211.83,20.0,0,UPI,41.1,Delivered,4.4,12,Saturday
101477,1236,Swiggy,Bengaluru,Punjabi Tadka,North Indian,2025-02-08 20:38:00,325.82,49.0,0,Cash on Delivery,51.1,Delivered,4.1,20,Saturday
100820,1014,Uber Eats,Delhi,Chowman,Chinese,2025-06-02 13:44:00,361.61,0.0,0,UPI,62.2,Delayed,3.8,13,Monday
101491,1293,Swiggy,Pune,Wok This Way,Chinese,2025-02-14 19:15:00,382.19,49.0,1,Wallet,37.3,Delivered,4.6,19,Friday
100012,1441,Zomato,Delhi,La Pino'z,Pizza,2025-06-27 20:52:00,629.55,49.0,1,Debit Card,37.3,Delivered,4.2,20,Friday
100431,1443,Zomato,Mumbai,Punjabi Tadka,North Indian,2025-04-07 11:31:00,398.96,40.0,0,UPI,41.3,Delivered,4.1,11,Monday
101408,1000,Swiggy,Pune,China Town,Chinese,2025-02-07 12:10:00,383.82,30.0,1,Debit Card,29.4,Delivered,4.8,12,Friday
100167,1100,Zomato,Chennai,Baskin Robbins,Desserts,2025-04-20 21:12:00,166.97,20.0,1,Wallet,42.0,Delivered,4.1,21,Sunday
100637,1178,Uber Eats,Chennai,Mainland China,Chinese,2025-02-23 21:41:00,391.37,40.0,1,UPI,,Cancelled,,21,Sunday
100643,1288,Swiggy,Chennai,Punjabi Tadka,North Indian,2025-04-28 20:00:00,247.17,40.0,0,UPI,66.0,Delayed,3.9,20,Monday
100188,1143,Swiggy,Chennai,Starbucks,Beverages,2025-04-14 20:04:00,219.33,20.0,1,Debit Card,22.5,Delivered,4.8,20,Monday
100746,1319,Zomato,Bengaluru,Paradise Biryani,Biryani,2025-02-15 15:24:00,491.42,20.0,1,Debit Card,47.0,Delivered,4.1,15,Saturday
101433,1337,Swiggy,Bengaluru,Third Wave Coffee,Beverages,2025-02-26 11:22:00,134.72,20.0,1,Credit Card,62.7,Delivered,4.1,11,Wednesday
100043,1212,Zomato,Hyderabad,Curry Leaf,North Indian,2025-06-28 12:52:00,228.07,30.0,1,Credit Card,35.8,Delivered,4.4,12,Saturday
101561,1152,Zomato,Bengaluru,Curry Leaf,North Indian,2025-03-25 13:38:00,406.66,30.0,1,UPI,40.5,Delivered,4.0,13,Tuesday
100009,1056,Zomato,Delhi,Curry Leaf,North Indian,2025-06-15 17:54:00,425.13,0.0,1,Credit Card,51.2,Delivered,4.5,17,Sunday
101565,1272,Swiggy,Mumbai,Wok This Way,Chinese,2025-04-30 21:18:00,367.34,0.0,0,Credit Card,34.6,Delivered,5.0,21,Wednesday
100147,1140,Zomato,Delhi,Tandoor Nights,North Indian,2025-07-30 20:03:00,422.97,20.0,1,UPI,21.6,Delivered,4.9,20,Wednesday
100739,1539,Zomato,Hyderabad,Curry Leaf,North Indian,2025-07-27 16:56:00,491.25,40.0,0,Debit Card,40.2,Delivered,4.7,16,Sunday
100013,1456,Uber Eats,Delhi,Cream Stone,Desserts,2025-06-08 21:43:00,171.58,40.0,1,UPI,28.9,Delivered,4.8,21,Sunday
100389,1091,Swiggy,Bengaluru,Starbucks,Beverages,2025-05-27 19:49:00,109.11,20.0,0,Credit Card,43.5,Delivered,4.0,19,Tuesday
101296,1157,Zomato,Hyderabad,Subway,Fast Food,2025-07-23 13:48:00,264.64,0.0,1,UPI,18.1,Delivered,4.6,13,Wednesday
100978,1210,Zomato,Hyderabad,Paradise Biryani,Biryani,2025-05-19 21:48:00,343.73,40.0,1,Debit Card,44.8,Delivered,4.2,21,Monday
100651,1391,Swiggy,Chennai,Dilli Darbar,North Indian,2025-07-19 18:59:00,411.4,20.0,1,Unknown,49.7,Delivered,4.2,18,Saturday
101813,1297,Swiggy,Kolkata,Hyderabad House,Biryani,2025-06-14 19:13:00,250.28,49.0,1,UPI,65.7,Delayed,3.9,19,Saturday
101620,1158,Uber Eats,Chennai,Subway,Fast Food,2025-07-22 21:27:00,265.3,30.0,1,UPI,27.4,Delivered,5.0,21,Tuesday
100735,1402,Zomato,Coimbatore,Salad Days,Healthy Food,2025-05-28 16:16:00,251.91,40.0,0,UPI,42.7,Delivered,4.3,16,Wednesday
101849,1099,Swiggy,Delhi,Salad Days,Healthy Food,2025-07-17 15:36:00,259.8,20.0,1,UPI,35.1,Delivered,4.1,15,Thursday
101240,1304,Swiggy,Delhi,Wok This Way,Chinese,2025-05-11 20:08:00,280.37,0.0,1,UPI,39.9,Delivered,4.4,20,Sunday
100602,1443,Zomato,Hyderabad,Starbucks,Beverages,2025-03-25 20:39:00,193.52,30.0,0,UPI,21.4,Delivered,4.7,20,Tuesday
100887,1115,Swiggy,Pune,Paradise Biryani,Biryani,2025-03-24 19:40:00,304.76,20.0,1,Credit Card,38.0,Delivered,4.4,19,Monday
100835,1466,Swiggy,Hyderabad,Chennai Biryani Hub,Biryani,2025-07-13 16:22:00,272.62,20.0,0,UPI,35.7,Delivered,4.7,16,Sunday
101783,1572,Swiggy,Mumbai,Chennai Biryani Hub,Biryani,2025-03-19 18:31:00,384.83,0.0,0,UPI,42.2,Delivered,4.6,18,Wednesday
100817,1063,Zomato,Bengaluru,Oven Story,Pizza,2025-04-06 19:38:00,527.57,30.0,1,Cash on Delivery,44.4,Delivered,4.3,19,Sunday
101564,1334,Zomato,Chennai,Dilli Darbar,North Indian,2025-07-11 09:29:00,428.48,0.0,1,Debit Card,40.2,Delivered,4.8,9,Friday
101647,1398,Zomato,Chennai,Biryani Zone,Biryani,2025-02-01 13:28:00,245.31,0.0,0,Credit Card,32.2,Delivered,5.0,13,Saturday
101773,1236,Swiggy,Hyderabad,Green Bowl,Healthy Food,2025-07-02 22:02:00,405.52,20.0,0,Credit Card,28.7,Delivered,4.9,22,Wednesday
100474,1380,Zomato,Mumbai,Wok This Way,Chinese,2025-07-25 15:43:00,455.26,0.0,0,UPI,40.6,Delivered,4.4,15,Friday
100720,1083,Swiggy,Mumbai,Theobroma,Desserts,2025-03-03 12:30:00,169.13,49.0,1,Cash on Delivery,35.7,Delivered,4.4,12,Monday
101177,1114,Zomato,Coimbatore,Tandoor Nights,North Indian,2025-04-16 13:43:00,266.93,49.0,0,Unknown,24.0,Delivered,4.9,13,Wednesday
101034,1039,Swiggy,Chennai,Coastal Feast,Seafood,2025-02-28 11:12:00,467.79,40.0,0,Credit Card,30.9,Delivered,4.8,11,Friday
100025,1386,Swiggy,Chennai,Sangeetha,South Indian,2025-02-08 18:35:00,223.35,40.0,0,Credit Card,21.9,Delivered,4.6,18,Saturday
101755,1191,Zomato,Mumbai,Chennai Biryani Hub,Biryani,2025-07-07 22:17:00,366.85,30.0,0,UPI,49.6,Delivered,3.7,22,Monday
101671,1340,Swiggy,Bengaluru,Pizza Hut,Pizza,2025-05-09 12:44:00,589.46,20.0,0,Wallet,41.0,Delivered,4.4,12,Friday
101221,1331,Zomato,Chennai,La Pino'z,Pizza,2025-04-15 16:15:00,409.57,30.0,0,UPI,30.2,Delivered,4.8,16,Tuesday
100858,1401,Swiggy,Delhi,Dosa Plaza,South Indian,2025-05-23 19:27:00,230.13,40.0,0,UPI,33.8,Delivered,4.3,19,Friday
100115,1341,Swiggy,Mumbai,Chaayos,Beverages,2025-02-17 23:06:00,149.49,40.0,1,Wallet,28.5,Delivered,5.0,23,Monday
100024,1468,Zomato,Bengaluru,Wok This Way,Chinese,2025-06-07 10:50:00,332.67,20.0,1,UPI,28.0,Delivered,4.7,10,Saturday
100370,1201,Swiggy,Kolkata,Paradise Biryani,Biryani,2025-03-08 20:43:00,376.65,30.0,1,UPI,22.2,Delivered,4.6,20,Saturday
100816,1025,Zomato,Hyderabad,La Pino'z,Pizza,2025-06-16 13:42:00,393.15,40.0,1,Wallet,15.9,Delivered,4.5,13,Monday
100594,1192,Zomato,Chennai,Sangeetha,South Indian,2025-05-27 23:35:00,144.23,20.0,0,UPI,37.2,Delivered,3.9,23,Tuesday
100506,1318,Zomato,Hyderabad,Biryani Zone,Biryani,2025-04-04 12:55:00,302.08,20.0,1,Credit Card,43.9,Delivered,4.5,12,Friday
100096,1143,Swiggy,Chennai,Mainland China,Chinese,2025-02-08 18:57:00,407.41,40.0,1,UPI,26.6,Delivered,4.9,18,Saturday
100623,1250,Swiggy,Pune,Saravana Bhavan,South Indian,2025-02-18 21:39:00,255.79,40.0,0,Debit Card,33.0,Delivered,4.4,21,Tuesday
100985,1391,Uber Eats,Chennai,Curry Leaf,North Indian,2025-05-16 22:58:00,420.79,40.0,1,Cash on Delivery,29.9,Delivered,5.0,22,Friday
101464,1511,Swiggy,Chennai,Sangeetha,South Indian,2025-06-07 13:27:00,218.7,20.0,0,Wallet,34.1,Delivered,4.7,13,Saturday
100099,1083,Swiggy,Chennai,Burger King,Fast Food,2025-07-20 14:05:00,283.11,30.0,0,Wallet,21.4,Delivered,5.0,14,Sunday
101550,1168,Zomato,Chennai,Subway,Fast Food,2025-07-29 21:07:00,267.95,0.0,0,Wallet,30.4,Delivered,4.5,21,Tuesday
101935,1098,Zomato,Chennai,Chowman,Chinese,2025-02-11 12:12:00,281.71,40.0,0,UPI,38.7,Delivered,4.6,12,Tuesday
100797,1275,Swiggy,Delhi,Starbucks,Beverages,2025-06-21 11:57:00,142.8,40.0,1,Debit Card,26.6,Delivered,4.8,11,Saturday
100357,1535,Zomato,Hyderabad,Curry Leaf,North Indian,2025-06-03 12:58:00,385.78,40.0,0,UPI,34.8,Delivered,4.8,12,Tuesday
101324,1519,Swiggy,Chennai,Dosa Plaza,South Indian,2025-04-04 11:33:00,261.16,30.0,0,Credit Card,35.2,Delivered,4.5,11,Friday
100590,1480,Swiggy,Pune,Tandoor Nights,North Indian,2025-07-13 19:23:00,380.01,30.0,1,Credit Card,37.7,Delivered,4.7,19,Sunday
101636,1099,Zomato,Bengaluru,Biryani Zone,Biryani,2025-03-29 19:20:00,400.08,0.0,1,Credit Card,48.3,Delivered,3.8,19,Saturday
101157,1510,Swiggy,Chennai,Paradise Biryani,Biryani,2025-06-06 13:34:00,239.0,20.0,0,UPI,27.8,Delivered,5.0,13,Friday
100806,1326,Swiggy,Mumbai,Wok This Way,Chinese,2025-02-15 22:31:00,397.03,20.0,1,UPI,48.3,Delivered,4.4,22,Saturday
101463,1030,Zomato,Coimbatore,Pizza Hut,Pizza,2025-02-07 11:48:00,471.16,40.0,1,UPI,43.4,Delivered,4.9,11,Friday
101686,1256,Swiggy,Bengaluru,Green Bowl,Healthy Food,2025-02-27 20:44:00,345.05,0.0,0,Wallet,38.2,Delivered,4.1,20,Thursday
101730,1467,Swiggy,Bengaluru,KFC,Fast Food,2025-06-14 12:02:00,429.44,40.0,1,UPI,21.3,Delivered,5.0,12,Saturday
100683,1575,Swiggy,Hyderabad,Saravana Bhavan,South Indian,2025-06-21 15:27:00,210.35,49.0,1,Wallet,20.4,Delivered,4.8,15,Saturday
100270,1176,Uber Eats,Coimbatore,Green Bowl,Healthy Food,2025-06-21 12:45:00,321.07,30.0,1,Credit Card,22.7,Delivered,5.0,12,Saturday
100118,1147,Swiggy,Bengaluru,Biryani Zone,Biryani,2025-05-08 12:25:00,224.48,30.0,1,UPI,40.8,Delivered,4.6,12,Thursday
100117,1083,Zomato,Delhi,Theobroma,Desserts,2025-02-19 16:48:00,149.4,20.0,1,UPI,40.7,Delivered,4.1,16,Wednesday
100936,1094,Zomato,Bengaluru,La Pino'z,Pizza,2025-04-05 12:44:00,523.68,0.0,0,UPI,34.4,Delivered,4.2,12,Saturday
101928,1109,Swiggy,Delhi,Pizza Hut,Pizza,2025-02-18 19:08:00,421.06,0.0,0,Cash on Delivery,42.0,Delivered,4.6,19,Tuesday
101336,1382,Zomato,Chennai,Dilli Darbar,North Indian,2025-06-29 21:29:00,325.32,30.0,0,UPI,24.1,Delivered,4.9,21,Sunday
101781,1203,Swiggy,Coimbatore,Tandoor Nights,North Indian,2025-03-14 19:32:00,393.13,20.0,1,Credit Card,32.3,Delivered,4.5,19,Friday
101465,1066,Zomato,Chennai,Burger King,Fast Food,2025-05-07 17:08:00,188.05,49.0,0,UPI,37.8,Delivered,4.6,17,Wednesday
101515,1558,Zomato,Bengaluru,Punjabi Tadka,North Indian,2025-07-21 11:07:00,551.35,49.0,1,Wallet,23.1,Delivered,4.7,11,Monday
101522,1114,Swiggy,Delhi,Hyderabad House,Biryani,2025-06-13 19:43:00,338.51,0.0,1,UPI,49.7,Delivered,3.8,19,Friday
100164,1250,Swiggy,Mumbai,Mainland China,Chinese,2025-04-06 15:57:00,460.04,20.0,1,UPI,49.2,Delivered,4.4,15,Sunday
101716,1387,Zomato,Bengaluru,Theobroma,Desserts,2025-06-29 13:39:00,227.46,0.0,1,UPI,48.4,Delivered,4.6,13,Sunday
101504,1358,Swiggy,Chennai,Baskin Robbins,Desserts,2025-04-20 14:24:00,275.94,0.0,1,Credit Card,,Cancelled,,14,Sunday
101816,1140,Swiggy,Bengaluru,China Town,Chinese,2025-07-23 12:39:00,434.64,40.0,1,UPI,31.5,Delivered,4.7,12,Wednesday
100465,1579,Zomato,Pune,McDonald's,Fast Food,2025-02-05 10:31:00,244.42,20.0,1,Credit Card,20.4,Delivered,4.5,10,Wednesday
101168,1598,Swiggy,Hyderabad,Dilli Darbar,North Indian,2025-03-07 11:23:00,405.91,20.0,0,UPI,18.7,Delivered,5.0,11,Friday
100863,1463,Zomato,Bengaluru,Theobroma,Desserts,2025-04-01 13:37:00,181.48,30.0,0,Credit Card,46.0,Delivered,4.1,13,Tuesday
100142,1165,Zomato,Coimbatore,La Pino'z,Pizza,2025-02-08 17:32:00,407.0,49.0,0,UPI,26.7,Delivered,4.4,17,Saturday
100113,1275,Uber Eats,Mumbai,Starbucks,Beverages,2025-05-12 12:21:00,146.16,40.0,1,Cash on Delivery,41.0,Delivered,4.0,12,Monday
101083,1333,Swiggy,Bengaluru,Biryani Zone,Biryani,2025-02-07 09:50:00,141.19,0.0,0,UPI,44.0,Delivered,4.3,9,Friday
100984,1352,Zomato,Bengaluru,Mainland China,Chinese,2025-05-04 12:32:00,329.28,20.0,1,Credit Card,49.5,Delivered,3.8,12,Sunday
100378,1227,Zomato,Hyderabad,Oven Story,Pizza,2025-04-02 11:48:00,413.5,49.0,1,UPI,28.8,Delivered,4.7,11,Wednesday
100063,1580,Zomato,Kolkata,Paradise Biryani,Biryani,2025-02-02 20:37:00,458.0,20.0,0,Cash on Delivery,33.1,Delivered,4.9,20,Sunday
100500,1068,Zomato,Hyderabad,Hyderabad House,Biryani,2025-06-05 21:15:00,327.78,40.0,0,UPI,28.6,Delivered,4.2,21,Thursday
101715,1527,Swiggy,Chennai,McDonald's,Fast Food,2025-02-27 12:50:00,234.56,0.0,1,Credit Card,46.2,Delivered,4.3,12,Thursday
100186,1099,Swiggy,Delhi,Biryani Zone,Biryani,2025-02-15 18:24:00,238.53,0.0,0,UPI,51.9,Delivered,4.4,18,Saturday
100698,1030,Uber Eats,Chennai,Burger King,Fast Food,2025-02-20 16:44:00,275.74,20.0,1,UPI,26.0,Delivered,5.0,16,Thursday
100992,1118,Swiggy,Chennai,Salad Days,Healthy Food,2025-04-06 14:53:00,245.22,40.0,0,UPI,38.4,Delivered,4.1,14,Sunday
100885,1440,Swiggy,Chennai,Hyderabad House,Biryani,2025-03-31 19:27:00,467.72,20.0,0,UPI,28.6,Delivered,4.1,19,Monday
100294,1327,Swiggy,Hyderabad,Sweet Truth,Desserts,2025-03-16 11:39:00,128.11,40.0,0,Debit Card,34.0,Delivered,4.6,11,Sunday
100715,1479,Zomato,Pune,Paradise Biryani,Biryani,2025-05-01 07:59:00,185.27,0.0,0,UPI,39.5,Delivered,4.9,7,Thursday
100453,1014,Uber Eats,Chennai,Paradise Biryani,Biryani,2025-07-14 12:47:00,345.72,0.0,1,Wallet,31.4,Delivered,4.8,12,Monday
100286,1096,Swiggy,Mumbai,Sweet Truth,Desserts,2025-05-27 15:17:00,183.03,0.0,1,UPI,,Cancelled,,15,Tuesday
101887,1248,Uber Eats,Delhi,Oven Story,Pizza,2025-05-12 12:24:00,323.54,20.0,1,Cash on Delivery,37.3,Delivered,4.5,12,Monday
101573,1487,Zomato,Bengaluru,Murugan Idli Shop,South Indian,2025-06-10 20:04:00,220.97,0.0,1,Debit Card,,Cancelled,,20,Tuesday
100300,1218,Swiggy,Kolkata,Sangeetha,South Indian,2025-02-19 20:27:00,224.14,20.0,1,Debit Card,45.3,Delivered,4.6,20,Wednesday
101358,1061,Uber Eats,Hyderabad,Murugan Idli Shop,South Indian,2025-02-03 11:25:00,230.63,40.0,0,Debit Card,25.4,Delivered,4.6,11,Monday
100315,1395,Zomato,Chennai,Curry Leaf,North Indian,2025-04-21 20:05:00,450.48,40.0,0,Credit Card,41.5,Delivered,4.3,20,Monday
100130,1339,Uber Eats,Hyderabad,Domino's,Pizza,2025-03-18 07:25:00,390.91,0.0,1,Debit Card,34.5,Delivered,4.5,7,Tuesday
100837,1118,Swiggy,Chennai,Saravana Bhavan,South Indian,2025-03-12 14:36:00,190.42,40.0,0,Cash on Delivery,38.8,Delivered,4.6,14,Wednesday
100189,1180,Zomato,Bengaluru,Murugan Idli Shop,South Indian,2025-02-15 19:22:00,105.94,0.0,0,Cash on Delivery,32.1,Delivered,5.0,19,Saturday
100027,1493,Swiggy,Pune,Oven Story,Pizza,2025-05-03 13:16:00,411.39,20.0,0,Cash on Delivery,52.8,Delivered,3.9,13,Saturday
101914,1197,Zomato,Bengaluru,Sweet Truth,Desserts,2025-07-10 13:42:00,229.18,20.0,0,UPI,86.9,Delayed,3.8,13,Thursday
101447,1575,Swiggy,Hyderabad,Dilli Darbar,North Indian,2025-06-12 19:32:00,382.79,49.0,0,Credit Card,23.9,Delivered,4.8,19,Thursday
100755,1262,Zomato,Bengaluru,Dosa Plaza,South Indian,2025-02-21 09:57:00,308.05,49.0,0,UPI,37.6,Delivered,4.3,9,Friday
101899,1203,Swiggy,Pune,Salad Days,Healthy Food,2025-05-21 12:30:00,202.35,40.0,0,Wallet,86.6,Delayed,3.1,12,Wednesday
100640,1402,Zomato,Bengaluru,Punjabi Tadka,North Indian,2025-07-12 19:35:00,309.49,30.0,0,UPI,75.6,Delivered,3.7,19,Saturday
101273,1405,Zomato,Pune,Biryani Zone,Biryani,2025-03-14 22:49:00,408.94,40.0,0,Debit Card,28.5,Delivered,3.9,22,Friday
100747,1188,Zomato,Pune,Salad Days,Healthy Food,2025-05-14 14:32:00,262.5,40.0,0,Wallet,43.9,Delivered,4.5,14,Wednesday
101584,1381,Swiggy,Delhi,Curry Leaf,North Indian,2025-06-05 16:06:00,458.68,30.0,0,Cash on Delivery,40.4,Delivered,3.8,16,Thursday
101182,1414,Zomato,Delhi,KFC,Fast Food,2025-02-23 12:42:00,393.8,20.0,0,UPI,35.3,Delivered,4.9,12,Sunday
100266,1268,Swiggy,Chennai,La Pino'z,Pizza,2025-04-01 11:37:00,377.44,40.0,0,Wallet,42.6,Delivered,4.5,11,Tuesday
100892,1313,Zomato,Hyderabad,Dosa Plaza,South Indian,2025-04-06 16:58:00,257.2,20.0,1,Cash on Delivery,24.7,Delivered,4.6,16,Sunday
101516,1289,Swiggy,Hyderabad,Sweet Truth,Desserts,2025-05-12 19:35:00,197.54,20.0,1,Wallet,53.1,Delayed,3.9,19,Monday
100075,1285,Swiggy,Kolkata,Oven Story,Pizza,2025-06-27 20:41:00,402.26,0.0,1,Credit Card,34.4,Delivered,4.5,20,Friday
101454,1343,Zomato,Hyderabad,Mainland China,Chinese,2025-04-20 21:22:00,352.15,0.0,0,Credit Card,25.3,Delivered,4.7,21,Sunday
101458,1158,Swiggy,Chennai,Saravana Bhavan,South Indian,2025-02-18 14:29:00,231.79,30.0,1,Credit Card,,Cancelled,,14,Tuesday
101354,1131,Swiggy,Kolkata,Oven Story,Pizza,2025-05-25 07:10:00,423.93,40.0,1,Debit Card,27.3,Delivered,4.9,7,Sunday
100717,1295,Zomato,Pune,Coastal Feast,Seafood,2025-06-23 13:30:00,731.3,20.0,1,UPI,28.2,Delivered,4.7,13,Monday
100742,1380,Swiggy,Pune,Baskin Robbins,Desserts,2025-05-09 10:50:00,185.84,20.0,0,UPI,40.6,Delivered,4.1,10,Friday
100762,1569,Swiggy,Chennai,Theobroma,Desserts,2025-06-18 13:00:00,197.48,40.0,0,UPI,29.4,Delivered,4.9,13,Wednesday
101288,1061,Swiggy,Coimbatore,Oven Story,Pizza,2025-05-07 19:21:00,319.65,40.0,1,UPI,25.1,Delivered,5.0,19,Wednesday
101327,1050,Swiggy,Delhi,Dosa Plaza,South Indian,2025-04-13 20:59:00,152.5,20.0,1,UPI,26.9,Delivered,5.0,20,Sunday
101172,1234,Zomato,Coimbatore,Punjabi Tadka,North Indian,2025-02-12 22:47:00,508.29,0.0,0,UPI,15.8,Delivered,5.0,22,Wednesday
100861,1556,Uber Eats,Chennai,Chennai Biryani Hub,Biryani,2025-06-03 21:37:00,246.02,40.0,0,UPI,34.5,Delivered,3.9,21,Tuesday
100180,1562,Zomato,Kolkata,Mainland China,Chinese,2025-02-01 20:09:00,412.83,20.0,0,UPI,37.3,Delivered,4.1,20,Saturday
100768,1083,Swiggy,Mumbai,Tandoor Nights,North Indian,2025-07-20 10:14:00,162.13,20.0,0,Credit Card,37.1,Delivered,4.1,10,Sunday
100666,1301,Zomato,Chennai,Pizza Hut,Pizza,2025-04-22 10:47:00,437.37,20.0,1,Credit Card,34.0,Delivered,4.3,10,Tuesday
101403,1193,Uber Eats,Bengaluru,Murugan Idli Shop,South Indian,2025-04-04 14:54:00,240.65,20.0,1,Credit Card,33.6,Delivered,4.3,14,Friday
100376,1441,Zomato,Chennai,Pizza Hut,Pizza,2025-04-16 17:30:00,462.73,49.0,0,Cash on Delivery,44.4,Delivered,4.2,17,Wednesday
100663,1121,Swiggy,Delhi,Chennai Biryani Hub,Biryani,2025-06-19 10:31:00,380.99,49.0,0,Wallet,44.9,Delivered,4.7,10,Thursday
100023,1556,Zomato,Mumbai,Chowman,Chinese,2025-07-24 13:55:00,368.02,30.0,0,UPI,60.9,Delayed,3.8,13,Thursday
100346,1594,Swiggy,Pune,Baskin Robbins,Desserts,2025-03-04 18:38:00,188.53,30.0,0,Debit Card,33.3,Delivered,4.8,18,Tuesday
101707,1547,Swiggy,Hyderabad,Saravana Bhavan,South Indian,2025-07-03 20:03:00,245.33,40.0,0,Wallet,25.5,Delivered,4.6,20,Thursday
100578,1536,Uber Eats,Delhi,Subway,Fast Food,2025-06-04 11:58:00,161.27,30.0,0,Debit Card,44.3,Delivered,4.1,11,Wednesday
101738,1001,Zomato,Chennai,Theobroma,Desserts,2025-04-15 12:59:00,181.41,49.0,1,Debit Card,40.5,Delivered,4.9,12,Tuesday
100008,1120,Zomato,Chennai,China Town,Chinese,2025-06-23 17:01:00,577.75,30.0,0,Cash on Delivery,44.6,Delivered,4.1,17,Monday
100228,1328,Uber Eats,Mumbai,Chennai Biryani Hub,Biryani,2025-02-22 21:11:00,334.69,0.0,0,Wallet,37.6,Delivered,4.5,21,Saturday
100489,1363,Zomato,Hyderabad,Sweet Truth,Desserts,2025-07-23 21:30:00,167.44,40.0,0,Debit Card,36.2,Delivered,4.4,21,Wednesday
100213,1269,Swiggy,Mumbai,Third Wave Coffee,Beverages,2025-06-10 13:46:00,199.31,20.0,0,Debit Card,33.0,Delivered,4.6,13,Tuesday
100845,1003,Zomato,Hyderabad,Burger King,Fast Food,2025-03-09 11:14:00,339.63,0.0,1,Credit Card,,Cancelled,,11,Sunday
101002,1334,Uber Eats,Pune,Murugan Idli Shop,South Indian,2025-07-03 15:10:00,195.31,40.0,1,Credit Card,35.1,Delivered,4.4,15,Thursday
100449,1171,Swiggy,Pune,Tandoor Nights,North Indian,2025-02-02 13:17:00,432.43,20.0,1,Cash on Delivery,40.9,Delivered,4.0,13,Sunday
101601,1443,Zomato,Kolkata,Paradise Biryani,Biryani,2025-06-27 22:41:00,442.78,30.0,1,UPI,31.0,Delivered,4.6,22,Friday
100015,1471,Swiggy,Delhi,Domino's,Pizza,2025-02-10 12:26:00,355.54,30.0,1,UPI,54.6,Delivered,3.5,12,Monday
101493,1199,Uber Eats,Chennai,Hyderabad House,Biryani,2025-07-05 08:08:00,224.64,40.0,1,Credit Card,33.9,Delivered,4.4,8,Saturday
101797,1111,Swiggy,Hyderabad,Chennai Biryani Hub,Biryani,2025-02-09 15:49:00,434.71,30.0,0,UPI,43.4,Delivered,4.3,15,Sunday
100765,1468,Swiggy,Pune,Curry Leaf,North Indian,2025-03-24 21:11:00,318.45,20.0,0,UPI,47.1,Delivered,4.3,21,Monday
101321,1164,Swiggy,Mumbai,Dilli Darbar,North Indian,2025-02-02 12:25:00,364.29,40.0,0,UPI,43.2,Delivered,4.6,12,Sunday
101293,1002,Swiggy,Mumbai,Ocean Kitchen,Seafood,2025-07-29 19:33:00,359.21,0.0,0,UPI,43.6,Delivered,4.3,19,Tuesday
100546,1257,Swiggy,Hyderabad,Salad Days,Healthy Food,2025-04-21 21:20:00,343.84,0.0,0,Cash on Delivery,36.5,Delivered,4.6,21,Monday
101173,1106,Swiggy,Bengaluru,Punjabi Tadka,North Indian,2025-03-20 17:08:00,359.92,20.0,0,UPI,69.5,Delayed,3.5,17,Thursday
101533,1112,Swiggy,Hyderabad,Hyderabad House,Biryani,2025-04-27 10:14:00,322.56,20.0,0,Credit Card,27.9,Delivered,4.7,10,Sunday
100354,1581,Uber Eats,Hyderabad,Starbucks,Beverages,2025-07-29 15:28:00,149.41,0.0,1,Credit Card,22.4,Delivered,4.7,15,Tuesday
100757,1229,Uber Eats,Bengaluru,Saravana Bhavan,South Indian,2025-05-21 13:31:00,162.42,40.0,1,UPI,32.4,Delivered,4.4,13,Wednesday
100207,1581,Zomato,Chennai,Chaayos,Beverages,2025-03-01 13:34:00,193.58,0.0,1,UPI,40.9,Delivered,4.1,13,Saturday
100702,1100,Swiggy,Mumbai,Hyderabad House,Biryani,2025-03-27 15:57:00,383.58,40.0,0,UPI,40.0,Delivered,4.4,15,Thursday
100748,1187,Zomato,Bengaluru,Green Bowl,Healthy Food,2025-03-01 13:48:00,364.04,40.0,1,Cash on Delivery,49.4,Delivered,4.3,13,Saturday
101094,1197,Uber Eats,Chennai,Green Bowl,Healthy Food,2025-05-13 11:27:00,368.06,20.0,1,UPI,34.8,Delivered,4.5,11,Tuesday
100416,1581,Zomato,Mumbai,Chennai Biryani Hub,Biryani,2025-07-10 18:56:00,147.25,0.0,0,Wallet,31.1,Delivered,4.8,18,Thursday
101443,1259,Zomato,Kolkata,Subway,Fast Food,2025-07-22 23:35:00,339.96,40.0,1,UPI,42.8,Delivered,4.0,23,Tuesday
101077,1099,Swiggy,Mumbai,Punjabi Tadka,North Indian,2025-05-02 19:40:00,301.38,0.0,0,Debit Card,45.6,Delivered,4.4,19,Friday
101187,1359,Zomato,Chennai,La Pino'z,Pizza,2025-06-20 10:52:00,524.49,20.0,1,Debit Card,46.5,Delivered,3.9,10,Friday
101886,1390,Swiggy,Chennai,Punjabi Tadka,North Indian,2025-02-07 23:37:00,515.45,30.0,1,Cash on Delivery,56.9,Delayed,4.6,23,Friday
100442,1079,Swiggy,Chennai,Burger King,Fast Food,2025-07-19 19:15:00,289.21,30.0,0,UPI,80.8,Delayed,3.4,19,Saturday
101668,1319,Zomato,Pune,Biryani Zone,Biryani,2025-04-26 18:17:00,348.34,30.0,0,Wallet,39.7,Delivered,4.7,18,Saturday
101947,1550,Zomato,Delhi,China Town,Chinese,2025-03-23 10:50:00,392.47,20.0,1,UPI,35.4,Delivered,4.7,10,Sunday
100536,1273,Zomato,Bengaluru,Pizza Hut,Pizza,2025-07-29 11:52:00,249.68,40.0,0,UPI,48.5,Delivered,4.3,11,Tuesday
100348,1108,Swiggy,Delhi,Chowman,Chinese,2025-04-21 21:32:00,349.07,20.0,1,UPI,46.8,Delivered,4.2,21,Monday
101025,1033,Swiggy,Kolkata,McDonald's,Fast Food,2025-06-29 08:20:00,261.76,20.0,1,Credit Card,37.4,Delivered,4.8,8,Sunday
100403,1583,Swiggy,Kolkata,Biryani Zone,Biryani,2025-07-27 18:57:00,330.64,20.0,1,Cash on Delivery,40.8,Delivered,4.6,18,Sunday
100362,1134,Zomato,Mumbai,Chennai Biryani Hub,Biryani,2025-05-18 23:21:00,253.89,30.0,0,Credit Card,37.9,Delivered,4.7,23,Sunday
100026,1241,Uber Eats,Bengaluru,Dilli Darbar,North Indian,2025-04-19 10:07:00,449.54,49.0,0,UPI,,Cancelled,,10,Saturday
101127,1382,Swiggy,Hyderabad,Biryani Zone,Biryani,2025-06-25 09:17:00,244.97,40.0,1,Debit Card,29.8,Delivered,4.8,9,Wednesday
101188,1339,Swiggy,Chennai,China Town,Chinese,2025-04-26 21:45:00,281.14,30.0,1,Cash on Delivery,42.4,Delivered,4.2,21,Saturday
100177,1096,Swiggy,Bengaluru,Paradise Biryani,Biryani,2025-07-24 11:30:00,273.6,40.0,0,Credit Card,48.0,Delivered,4.7,11,Thursday
101969,1091,Swiggy,Mumbai,Dosa Plaza,South Indian,2025-06-04 13:42:00,252.0,20.0,1,Credit Card,40.0,Delivered,4.2,13,Wednesday
101583,1248,Swiggy,Coimbatore,Hyderabad House,Biryani,2025-05-28 12:19:00,194.98,49.0,0,Cash on Delivery,29.3,Delivered,4.8,12,Wednesday
100955,1366,Uber Eats,Mumbai,Mainland China,Chinese,2025-05-03 21:06:00,396.94,20.0,0,UPI,74.7,Delayed,4.0,21,Saturday
100716,1310,Swiggy,Delhi,McDonald's,Fast Food,2025-05-30 12:17:00,385.97,0.0,0,UPI,31.2,Delivered,4.3,12,Friday
100252,1112,Swiggy,Bengaluru,La Pino'z,Pizza,2025-07-29 11:24:00,471.04,49.0,1,Cash on Delivery,,Cancelled,,11,Tuesday
100414,1010,Swiggy,Bengaluru,Baskin Robbins,Desserts,2025-06-11 22:39:00,259.28,0.0,1,UPI,35.1,Delivered,4.7,22,Wednesday
100553,1190,Swiggy,Hyderabad,Biryani Zone,Biryani,2025-02-02 17:36:00,307.6,30.0,1,Debit Card,31.1,Delivered,5.0,17,Sunday
100193,1217,Uber Eats,Delhi,Mainland China,Chinese,2025-03-04 20:56:00,468.82,0.0,0,Wallet,41.3,Delivered,4.7,20,Tuesday
101153,1545,Zomato,Hyderabad,La Pino'z,Pizza,2025-02-01 12:46:00,449.99,30.0,0,Unknown,25.1,Delivered,5.0,12,Saturday
100918,1152,Zomato,Mumbai,Burger King,Fast Food,2025-06-10 12:35:00,235.02,0.0,0,Wallet,49.3,Delivered,4.2,12,Tuesday
101113,1175,Zomato,Hyderabad,Green Bowl,Healthy Food,2025-07-02 11:48:00,392.71,30.0,0,Credit Card,21.0,Delivered,5.0,11,Wednesday
100445,1397,Zomato,Bengaluru,Oven Story,Pizza,2025-07-11 20:00:00,341.46,20.0,1,UPI,37.8,Delivered,4.4,20,Friday
101679,1308,Swiggy,Pune,Dilli Darbar,North Indian,2025-06-04 12:13:00,392.67,20.0,1,UPI,43.0,Delivered,4.4,12,Wednesday
101484,1248,Zomato,Pune,EatFit,Healthy Food,2025-07-23 19:35:00,219.58,40.0,0,Cash on Delivery,36.4,Delivered,4.0,19,Wednesday
101082,1574,Zomato,Delhi,Murugan Idli Shop,South Indian,2025-04-02 12:33:00,169.69,30.0,1,UPI,51.6,Delivered,3.7,12,Wednesday
101475,1181,Swiggy,Mumbai,Biryani Zone,Biryani,2025-03-28 22:43:00,445.66,30.0,0,Wallet,40.2,Delivered,4.3,22,Friday
100451,1554,Zomato,Mumbai,Sangeetha,South Indian,2025-07-07 07:37:00,173.94,0.0,0,UPI,,Cancelled,,7,Monday
101651,1010,Swiggy,Pune,Ocean Kitchen,Seafood,2025-06-06 17:15:00,483.02,20.0,0,Cash on Delivery,35.5,Delivered,4.7,17,Friday
100464,1003,Zomato,Delhi,Chennai Biryani Hub,Biryani,2025-04-17 12:51:00,322.92,20.0,1,Debit Card,35.8,Delivered,4.6,12,Thursday
101201,1286,Uber Eats,Pune,Dosa Plaza,South Indian,2025-04-28 14:21:00,215.84,49.0,0,Wallet,43.6,Delivered,4.3,14,Monday
100458,1504,Uber Eats,Chennai,Chennai Biryani Hub,Biryani,2025-02-18 14:45:00,435.17,20.0,0,Debit Card,39.9,Delivered,4.4,14,Tuesday
101881,1158,Swiggy,Mumbai,China Town,Chinese,2025-07-25 13:57:00,532.45,0.0,1,UPI,15.6,Delivered,5.0,13,Friday
100957,1380,Swiggy,Kolkata,Biryani Zone,Biryani,2025-02-08 19:34:00,235.32,0.0,1,Debit Card,36.3,Delivered,4.3,19,Saturday
101046,1143,Swiggy,Bengaluru,Curry Leaf,North Indian,2025-02-12 20:30:00,465.28,20.0,0,UPI,,Cancelled,,20,Wednesday
101313,1512,Swiggy,Pune,Chennai Biryani Hub,Biryani,2025-06-24 19:31:00,323.1,20.0,0,Credit Card,37.6,Delivered,4.3,19,Tuesday
100369,1463,Swiggy,Hyderabad,Domino's,Pizza,2025-07-22 21:16:00,621.99,40.0,0,UPI,59.6,Delayed,3.9,21,Tuesday
100484,1277,Zomato,Delhi,Burger King,Fast Food,2025-07-21 12:23:00,280.57,0.0,0,Cash on Delivery,57.6,Delivered,4.6,12,Monday
100687,1356,Zomato,Coimbatore,Paradise Biryani,Biryani,2025-07-23 19:19:00,411.63,0.0,0,UPI,21.5,Delivered,4.8,19,Wednesday
101198,1481,Swiggy,Chennai,Dilli Darbar,North Indian,2025-03-15 21:53:00,407.84,49.0,1,UPI,42.5,Delivered,4.4,21,Saturday
100307,1332,Zomato,Chennai,Oven Story,Pizza,2025-06-22 20:08:00,445.01,40.0,0,Debit Card,35.5,Delivered,4.2,20,Sunday
100285,1562,Uber Eats,Mumbai,Chennai Biryani Hub,Biryani,2025-07-08 13:16:00,283.95,30.0,0,UPI,34.4,Delivered,4.5,13,Tuesday
101594,1421,Swiggy,Chennai,Bay Bites,Seafood,2025-02-04 14:05:00,446.07,0.0,1,Credit Card,39.5,Delivered,4.6,14,Tuesday
101526,1191,Uber Eats,Delhi,Oven Story,Pizza,2025-06-08 10:54:00,585.4,40.0,0,Credit Card,25.7,Delivered,4.5,10,Sunday
101074,1280,Swiggy,Chennai,Burger King,Fast Food,2025-04-30 21:43:00,373.66,40.0,0,Cash on Delivery,56.1,Delayed,4.1,21,Wednesday
101648,1586,Zomato,Bengaluru,Third Wave Coffee,Beverages,2025-05-12 13:41:00,201.65,49.0,1,UPI,43.6,Delivered,4.6,13,Monday
100751,1088,Swiggy,Hyderabad,Punjabi Tadka,North Indian,2025-05-03 22:31:00,401.06,30.0,1,UPI,25.8,Delivered,4.9,22,Saturday
101765,1561,Uber Eats,Bengaluru,Mainland China,Chinese,2025-05-18 11:17:00,372.98,49.0,1,Credit Card,45.1,Delivered,4.0,11,Sunday
100638,1475,Swiggy,Pune,Hyderabad House,Biryani,2025-02-25 10:21:00,229.99,0.0,0,Credit Card,45.5,Delivered,4.2,10,Tuesday
101208,1170,Swiggy,Hyderabad,Biryani Zone,Biryani,2025-03-14 17:05:00,273.38,20.0,1,UPI,37.0,Delivered,4.2,17,Friday
101684,1215,Swiggy,Coimbatore,Oven Story,Pizza,2025-03-20 14:47:00,520.5,30.0,0,UPI,17.3,Delivered,4.6,14,Thursday
101049,1071,Swiggy,Delhi,Sangeetha,South Indian,2025-07-03 21:04:00,261.57,20.0,0,UPI,48.5,Delivered,4.3,21,Thursday
101020,1033,Zomato,Bengaluru,FreshMenu,Healthy Food,2025-05-19 14:49:00,326.47,0.0,0,UPI,37.6,Delivered,4.8,14,Monday
100653,1482,Swiggy,Chennai,Curry Leaf,North Indian,2025-02-03 13:06:00,447.95,20.0,0,UPI,36.0,Delivered,4.3,13,Monday
101268,1571,Zomato,Pune,Biryani Zone,Biryani,2025-07-26 13:40:00,303.46,0.0,0,Wallet,27.2,Delivered,4.6,13,Saturday
100097,1409,Zomato,Bengaluru,Wok This Way,Chinese,2025-05-14 18:16:00,337.51,30.0,1,Credit Card,54.5,Delayed,4.1,18,Wednesday
100800,1007,Zomato,Chennai,Curry Leaf,North Indian,2025-05-09 12:49:00,520.77,30.0,1,UPI,42.2,Delivered,3.9,12,Friday
101016,1230,Swiggy,Bengaluru,Hyderabad House,Biryani,2025-02-02 13:14:00,215.68,0.0,1,Debit Card,44.3,Delivered,4.1,13,Sunday
100139,1262,Zomato,Bengaluru,KFC,Fast Food,2025-06-11 21:57:00,332.94,20.0,0,UPI,,Delivered,4.3,21,Wednesday
101449,1061,Zomato,Chennai,Cream Stone,Desserts,2025-02-01 20:30:00,112.94,49.0,0,UPI,25.0,Delivered,4.6,20,Saturday
100947,1080,Uber Eats,Chennai,Mainland China,Chinese,2025-05-08 23:40:00,291.11,20.0,1,Cash on Delivery,34.4,Delivered,4.6,23,Thursday
100993,1258,Swiggy,Bengaluru,Chai Point,Beverages,2025-04-16 10:03:00,159.09,20.0,0,UPI,50.7,Delivered,4.0,10,Wednesday
101368,1577,Swiggy,Chennai,Dosa Plaza,South Indian,2025-04-07 14:20:00,265.77,20.0,1,Cash on Delivery,42.6,Delivered,4.5,14,Monday
100935,1564,Swiggy,Bengaluru,Sangeetha,South Indian,2025-02-21 07:29:00,165.45,0.0,1,Wallet,41.5,Delivered,4.0,7,Friday
100961,1245,Swiggy,Chennai,Hyderabad House,Biryani,2025-02-08 11:40:00,239.36,49.0,1,UPI,33.7,Delivered,4.0,11,Saturday
101192,1102,Zomato,Mumbai,Hyderabad House,Biryani,2025-05-10 19:24:00,259.72,30.0,0,Credit Card,43.9,Delivered,4.4,19,Saturday
101697,1089,Swiggy,Hyderabad,Paradise Biryani,Biryani,2025-07-24 12:28:00,390.07,49.0,0,UPI,26.2,Delivered,4.2,12,Thursday
100128,1344,Zomato,Delhi,Chai Point,Beverages,2025-05-28 11:10:00,145.7,30.0,0,Debit Card,39.8,Delivered,3.9,11,Wednesday
100700,1312,Uber Eats,Kolkata,McDonald's,Fast Food,2025-04-04 11:43:00,265.9,20.0,1,UPI,43.3,Delivered,4.3,11,Friday
101511,1136,Swiggy,Hyderabad,Chennai Biryani Hub,Biryani,2025-02-23 21:39:00,376.76,20.0,1,UPI,35.5,Delayed,4.5,21,Sunday
101724,1320,Swiggy,Chennai,Tandoor Nights,North Indian,2025-06-25 13:30:00,328.68,30.0,1,Debit Card,36.6,Delivered,4.5,13,Wednesday
101860,1443,Swiggy,Hyderabad,La Pino'z,Pizza,2025-04-03 18:45:00,456.99,49.0,1,UPI,47.4,Delayed,4.4,18,Thursday
100522,1115,Uber Eats,Chennai,Dilli Darbar,North Indian,2025-05-21 21:27:00,265.99,0.0,1,Wallet,33.1,Delivered,4.2,21,Wednesday
100264,1593,Zomato,Bengaluru,Curry Leaf,North Indian,2025-05-11 14:14:00,588.21,20.0,0,Debit Card,50.7,Delivered,3.8,14,Sunday
101577,1479,Zomato,Chennai,Theobroma,Desserts,2025-02-20 20:47:00,182.73,20.0,1,Debit Card,36.9,Delivered,4.2,20,Thursday
101642,1268,Zomato,Hyderabad,Oven Story,Pizza,2025-04-18 14:35:00,601.96,0.0,1,Wallet,43.7,Delivered,4.0,14,Friday
101604,1074,Swiggy,Delhi,Cream Stone,Desserts,2025-07-28 12:08:00,170.09,0.0,1,UPI,26.3,Delivered,4.5,12,Monday
100631,1196,Zomato,Coimbatore,Paradise Biryani,Biryani,2025-04-05 12:52:00,446.37,30.0,0,Credit Card,27.9,Delivered,4.7,12,Saturday
100498,1555,Swiggy,Bengaluru,Chennai Biryani Hub,Biryani,2025-02-13 22:47:00,239.46,30.0,0,Credit Card,25.9,Delivered,4.6,22,Thursday
101659,1152,Swiggy,Chennai,Punjabi Tadka,North Indian,2025-03-01 15:39:00,351.92,0.0,1,UPI,32.7,Delayed,4.7,15,Saturday
101822,1180,Swiggy,Mumbai,Punjabi Tadka,North Indian,2025-06-05 10:05:00,313.67,30.0,1,Credit Card,34.2,Delivered,5.0,10,Thursday
101673,1455,Zomato,Bengaluru,Dilli Darbar,North Indian,2025-06-18 11:13:00,263.35,40.0,1,Credit Card,41.5,Delivered,4.2,11,Wednesday
101775,1078,Swiggy,Chennai,Punjabi Tadka,North Indian,2025-07-08 12:22:00,517.07,20.0,0,Unknown,30.4,Delivered,4.4,12,Tuesday
100432,1495,Swiggy,Coimbatore,Chowman,Chinese,2025-04-03 12:51:00,409.4,20.0,1,Wallet,39.2,Delivered,4.2,12,Thursday
101169,1550,Zomato,Hyderabad,Wok This Way,Chinese,2025-03-21 16:34:00,407.48,40.0,0,UPI,26.4,Delivered,5.0,16,Friday
101692,1394,Uber Eats,Delhi,Chaayos,Beverages,2025-04-09 19:54:00,143.4,0.0,0,Cash on Delivery,29.4,Delivered,4.5,19,Wednesday
100068,1045,Swiggy,Delhi,Oven Story,Pizza,2025-05-13 16:33:00,694.39,40.0,1,UPI,42.0,Delivered,4.0,16,Tuesday
100946,1584,Swiggy,Chennai,Chennai Biryani Hub,Biryani,2025-02-06 20:53:00,242.35,40.0,1,UPI,57.0,Delayed,3.6,20,Thursday
101495,1258,Zomato,Bengaluru,Hyderabad House,Biryani,2025-06-02 12:23:00,429.98,0.0,0,UPI,51.4,Delivered,4.2,12,Monday
100841,1393,Zomato,Mumbai,Domino's,Pizza,2025-03-12 12:54:00,480.39,49.0,0,UPI,28.7,Delivered,4.0,12,Wednesday
100573,1029,Zomato,Hyderabad,Subway,Fast Food,2025-04-30 11:49:00,323.19,0.0,0,UPI,39.0,Delivered,4.7,11,Wednesday
100334,1276,Uber Eats,Bengaluru,Tandoor Nights,North Indian,2025-06-25 10:15:00,400.4,0.0,0,UPI,20.8,Delivered,4.8,10,Wednesday
100338,1121,Uber Eats,Bengaluru,Burger King,Fast Food,2025-06-02 21:25:00,225.6,20.0,0,UPI,31.0,Delivered,4.5,21,Monday
101677,1251,Zomato,Chennai,Third Wave Coffee,Beverages,2025-02-11 18:42:00,100.08,30.0,0,Debit Card,60.1,Delayed,4.3,18,Tuesday
100664,1358,Uber Eats,Bengaluru,Pizza Hut,Pizza,2025-03-10 14:47:00,411.6,20.0,0,UPI,50.1,Delivered,4.2,14,Monday
100383,1144,Uber Eats,Mumbai,Biryani Zone,Biryani,2025-03-04 13:49:00,398.69,40.0,0,UPI,44.1,Delivered,4.9,13,Tuesday
100943,1284,Swiggy,Mumbai,Subway,Fast Food,2025-03-07 14:39:00,203.44,20.0,0,Cash on Delivery,60.5,Delivered,3.8,14,Friday
100055,1026,Zomato,Hyderabad,Pizza Hut,Pizza,2025-02-06 19:01:00,516.43,40.0,0,Credit Card,19.2,Delivered,4.8,19,Thursday
100704,1077,Zomato,Chennai,Murugan Idli Shop,South Indian,2025-07-29 18:31:00,239.91,30.0,0,Credit Card,35.2,Delivered,4.5,18,Tuesday
101223,1392,Swiggy,Chennai,Hyderabad House,Biryani,2025-02-11 07:36:00,332.5,20.0,0,Debit Card,40.0,Delivered,4.4,7,Tuesday
101067,1384,Uber Eats,Delhi,Domino's,Pizza,2025-02-21 22:39:00,609.38,30.0,1,Credit Card,30.8,Delivered,4.7,22,Friday
101548,1296,Swiggy,Delhi,Sweet Truth,Desserts,2025-04-28 20:28:00,122.08,40.0,1,Credit Card,46.9,Delivered,3.8,20,Monday
101605,1534,Swiggy,Bengaluru,Biryani Zone,Biryani,2025-06-01 10:31:00,257.3,20.0,0,Wallet,59.3,Delivered,4.1,10,Sunday
101696,1281,Zomato,Hyderabad,Dilli Darbar,North Indian,2025-06-13 22:35:00,524.73,49.0,0,Credit Card,36.5,Delivered,4.2,22,Friday
100170,1063,Swiggy,Coimbatore,Wok This Way,Chinese,2025-02-12 18:27:00,293.03,40.0,0,Wallet,44.5,Delivered,4.2,18,Wednesday
100173,1433,Zomato,Coimbatore,Hyderabad House,Biryani,2025-05-15 12:57:00,213.63,40.0,1,Credit Card,18.2,Delivered,4.9,12,Thursday
101599,1424,Uber Eats,Bengaluru,Dilli Darbar,North Indian,2025-07-18 11:59:00,348.36,0.0,0,Credit Card,21.3,Delivered,4.5,11,Friday
100326,1141,Swiggy,Hyderabad,Saravana Bhavan,South Indian,2025-02-22 18:15:00,277.7,0.0,1,Debit Card,28.7,Delivered,4.3,18,Saturday
100503,1520,Swiggy,Mumbai,Wok This Way,Chinese,2025-06-07 14:03:00,449.79,40.0,1,Credit Card,47.2,Delivered,4.3,14,Saturday
101279,1519,Zomato,Delhi,Biryani Zone,Biryani,2025-07-05 11:56:00,487.62,0.0,0,Wallet,37.5,Delivered,4.5,11,Saturday
100409,1008,Zomato,Chennai,KFC,Fast Food,2025-07-29 21:26:00,271.83,30.0,0,Debit Card,33.8,Delivered,4.0,21,Tuesday
101670,1457,Zomato,Chennai,Dilli Darbar,North Indian,2025-03-01 20:37:00,635.51,0.0,0,UPI,39.6,Delivered,4.5,20,Saturday
100297,1263,Swiggy,Hyderabad,Oven Story,Pizza,2025-02-22 13:24:00,607.39,40.0,0,UPI,36.6,Delivered,4.7,13,Saturday
101039,1496,Zomato,Pune,Punjabi Tadka,North Indian,2025-07-07 20:48:00,356.66,30.0,1,UPI,36.7,Delivered,4.2,20,Monday
101319,1238,Uber Eats,Bengaluru,Murugan Idli Shop,South Indian,2025-02-24 19:56:00,273.76,40.0,1,UPI,33.6,Delivered,4.6,19,Monday
100769,1225,Zomato,Mumbai,Baskin Robbins,Desserts,2025-06-03 19:35:00,127.8,0.0,0,UPI,50.6,Delivered,4.6,19,Tuesday
101178,1155,Swiggy,Mumbai,Dilli Darbar,North Indian,2025-03-16 21:47:00,395.67,0.0,1,Cash on Delivery,,Cancelled,,21,Sunday
100721,1558,Swiggy,Hyderabad,Biryani Zone,Biryani,2025-03-13 22:50:00,320.51,40.0,0,Credit Card,30.4,Delivered,4.4,22,Thursday
101376,1577,Uber Eats,Delhi,Oven Story,Pizza,2025-03-24 19:44:00,461.28,0.0,0,Wallet,,Cancelled,,19,Monday
100671,1368,Zomato,Mumbai,Subway,Fast Food,2025-04-09 15:33:00,393.01,20.0,0,UPI,31.1,Delivered,4.5,15,Wednesday
100648,1576,Uber Eats,Bengaluru,Curry Leaf,North Indian,2025-04-11 13:28:00,396.12,20.0,1,Credit Card,53.5,Delivered,3.9,13,Friday
101698,1215,Swiggy,Hyderabad,Baskin Robbins,Desserts,2025-02-28 20:06:00,123.23,20.0,0,UPI,33.4,Delivered,4.8,20,Friday
101555,1097,Zomato,Delhi,Curry Leaf,North Indian,2025-03-17 19:32:00,412.2,20.0,0,UPI,23.8,Delivered,4.5,19,Monday
101985,1476,Swiggy,Bengaluru,China Town,Chinese,2025-04-27 19:19:00,464.82,0.0,0,Wallet,31.4,Delivered,4.4,19,Sunday
100725,1070,Swiggy,Pune,Subway,Fast Food,2025-03-22 19:15:00,323.87,40.0,0,Wallet,51.5,Delayed,4.2,19,Saturday
101814,1530,Swiggy,Hyderabad,Dosa Plaza,South Indian,2025-03-23 13:44:00,158.15,20.0,0,Wallet,36.1,Delivered,4.4,13,Sunday
100531,1099,Swiggy,Chennai,McDonald's,Fast Food,2025-07-17 13:09:00,327.35,20.0,1,UPI,49.1,Delivered,4.2,13,Thursday
100407,1086,Swiggy,Bengaluru,Chennai Biryani Hub,Biryani,2025-03-23 19:10:00,339.87,0.0,0,Debit Card,39.9,Delivered,4.0,19,Sunday
100199,1577,Zomato,Kolkata,Sangeetha,South Indian,2025-03-17 19:10:00,189.62,40.0,1,UPI,30.9,Delivered,4.4,19,Monday
100473,1280,Zomato,Hyderabad,Pizza Hut,Pizza,2025-03-20 12:25:00,420.34,30.0,0,UPI,26.8,Delivered,4.7,12,Thursday
100754,1333,Swiggy,Hyderabad,Chennai Biryani Hub,Biryani,2025-07-08 19:11:00,376.79,20.0,1,UPI,25.9,Delivered,4.8,19,Tuesday
100758,1076,Uber Eats,Kolkata,Pizza Hut,Pizza,2025-05-24 13:19:00,648.94,30.0,1,UPI,,Cancelled,,13,Saturday
100216,1047,Swiggy,Bengaluru,Punjabi Tadka,North Indian,2025-03-23 18:38:00,483.86,40.0,0,Wallet,19.0,Delivered,4.9,18,Sunday
100253,1197,Zomato,Hyderabad,Burger King,Fast Food,2025-04-03 20:52:00,357.75,0.0,0,Cash on Delivery,29.3,Delivered,4.5,20,Thursday
100152,1550,Swiggy,Bengaluru,Curry Leaf,North Indian,2025-03-13 19:20:00,418.33,20.0,0,Credit Card,42.3,Delivered,4.1,19,Thursday
101287,1140,Zomato,Chennai,EatFit,Healthy Food,2025-05-21 13:22:00,238.77,0.0,1,Credit Card,57.6,Delayed,3.7,13,Wednesday
101580,1177,Swiggy,Delhi,Burger King,Fast Food,2025-06-08 13:24:00,324.54,20.0,0,Debit Card,24.2,Delivered,4.8,13,Sunday
101958,1396,Swiggy,Bengaluru,Dilli Darbar,North Indian,2025-04-24 11:15:00,476.7,20.0,0,UPI,40.2,Delivered,4.8,11,Thursday
101267,1223,Zomato,Pune,KFC,Fast Food,2025-07-21 12:14:00,302.37,20.0,1,Wallet,33.4,Delivered,4.5,12,Monday
101455,1039,Zomato,Bengaluru,Sweet Truth,Desserts,2025-07-12 13:56:00,187.64,0.0,1,UPI,43.8,Delivered,4.3,13,Saturday
100981,1421,Swiggy,Hyderabad,Dosa Plaza,South Indian,2025-05-31 11:28:00,178.19,20.0,1,Credit Card,35.5,Delivered,4.8,11,Saturday
100728,1292,Swiggy,Delhi,Chai Point,Beverages,2025-07-13 13:06:00,111.59,0.0,0,UPI,48.7,Delivered,4.1,13,Sunday
101627,1350,Swiggy,Bengaluru,Saravana Bhavan,South Indian,2025-03-07 17:48:00,306.34,49.0,0,UPI,62.3,Delayed,4.0,17,Friday
101350,1036,Swiggy,Chennai,Baskin Robbins,Desserts,2025-05-23 17:04:00,181.84,20.0,1,Cash on Delivery,41.4,Delivered,5.0,17,Friday
100530,1359,Swiggy,Chennai,Punjabi Tadka,North Indian,2025-02-11 08:50:00,321.24,20.0,0,Debit Card,38.4,Delivered,4.6,8,Tuesday
101152,1258,Zomato,Hyderabad,Tandoor Nights,North Indian,2025-06-13 13:59:00,324.12,20.0,1,Credit Card,28.4,Delivered,4.6,13,Friday
101485,1517,Swiggy,Bengaluru,Subway,Fast Food,2025-07-12 14:04:00,214.11,30.0,0,UPI,37.8,Delivered,4.2,14,Saturday
100240,1084,Zomato,Kolkata,Chennai Biryani Hub,Biryani,2025-02-12 18:32:00,395.34,0.0,1,UPI,27.5,Delivered,4.7,18,Wednesday
101453,1147,Zomato,Mumbai,Domino's,Pizza,2025-05-05 18:32:00,494.87,30.0,0,Debit Card,35.1,Delivered,4.2,18,Monday
101989,1554,Zomato,Chennai,Paradise Biryani,Biryani,2025-03-10 12:18:00,311.38,30.0,0,UPI,36.2,Delivered,4.9,12,Monday
100187,1228,Uber Eats,Pune,Dosa Plaza,South Indian,2025-06-17 10:11:00,327.36,49.0,0,UPI,34.5,Delivered,4.9,10,Tuesday
100246,1454,Zomato,Bengaluru,Murugan Idli Shop,South Indian,2025-03-28 12:23:00,200.29,20.0,0,UPI,48.1,Delivered,4.2,12,Friday
101022,1521,Swiggy,Bengaluru,Hyderabad House,Biryani,2025-05-13 14:36:00,458.34,49.0,0,Wallet,43.2,Delayed,4.5,14,Tuesday
101732,1419,Zomato,Bengaluru,Burger King,Fast Food,2025-02-06 22:15:00,244.55,20.0,1,Wallet,73.6,Delayed,3.8,22,Thursday
101509,1409,Zomato,Bengaluru,Saravana Bhavan,South Indian,2025-07-15 14:51:00,215.42,20.0,1,UPI,50.6,Delivered,4.1,14,Tuesday
100912,1225,Uber Eats,Pune,Murugan Idli Shop,South Indian,2025-05-10 20:38:00,267.34,30.0,0,Debit Card,28.5,Delivered,4.2,20,Saturday
100692,1558,Swiggy,Chennai,Sangeetha,South Indian,2025-07-11 17:22:00,125.67,40.0,0,UPI,22.6,Delivered,5.0,17,Friday
100302,1005,Zomato,Bengaluru,Baskin Robbins,Desserts,2025-02-08 12:19:00,117.57,20.0,0,UPI,27.4,Delivered,4.9,12,Saturday
100283,1294,Zomato,Chennai,Tandoor Nights,North Indian,2025-04-06 14:44:00,388.13,30.0,1,Credit Card,62.0,Delayed,4.1,14,Sunday
101710,1205,Uber Eats,Pune,Chennai Biryani Hub,Biryani,2025-06-08 12:43:00,296.23,20.0,1,Cash on Delivery,33.0,Delivered,4.5,12,Sunday
100505,1272,Zomato,Mumbai,Curry Leaf,North Indian,2025-05-05 19:23:00,200.1,30.0,0,UPI,33.4,Delivered,4.7,19,Monday
101945,1071,Swiggy,Pune,Theobroma,Desserts,2025-07-18 20:19:00,247.46,30.0,1,UPI,37.0,Delivered,4.5,20,Friday
100321,1064,Zomato,Hyderabad,Wok This Way,Chinese,2025-05-21 11:30:00,289.44,49.0,0,Credit Card,30.4,Delivered,4.2,11,Wednesday
101489,1304,Zomato,Hyderabad,Bay Bites,Seafood,2025-03-08 18:08:00,660.1,49.0,1,Wallet,24.8,Delivered,4.7,18,Saturday
101391,1317,Zomato,Delhi,Wok This Way,Chinese,2025-06-17 14:11:00,283.98,40.0,0,Cash on Delivery,45.7,Delivered,4.2,14,Tuesday
100860,1580,Zomato,Hyderabad,Dosa Plaza,South Indian,2025-07-23 09:38:00,126.09,49.0,0,UPI,29.8,Delivered,4.6,9,Wednesday
100621,1286,Zomato,Bengaluru,Pizza Hut,Pizza,2025-02-02 20:02:00,331.89,49.0,1,Debit Card,34.0,Delivered,4.4,20,Sunday
101123,1146,Swiggy,Bengaluru,Dilli Darbar,North Indian,2025-07-26 12:03:00,454.11,20.0,1,UPI,43.0,Delivered,3.8,12,Saturday
101347,1420,Zomato,Pune,Sweet Truth,Desserts,2025-02-11 13:13:00,226.64,20.0,0,Cash on Delivery,54.9,Delivered,3.7,13,Tuesday
100122,1392,Zomato,Bengaluru,Curry Leaf,North Indian,2025-02-02 11:18:00,275.11,0.0,0,Debit Card,33.1,Delivered,4.7,11,Sunday
100833,1085,Swiggy,Hyderabad,China Town,Chinese,2025-06-25 13:02:00,211.96,20.0,1,Credit Card,18.7,Delivered,4.4,13,Wednesday
100510,1596,Swiggy,Coimbatore,Hyderabad House,Biryani,2025-06-29 22:38:00,439.52,30.0,0,UPI,32.9,Delivered,4.7,22,Sunday
100280,1165,Swiggy,Mumbai,EatFit,Healthy Food,2025-03-25 19:39:00,279.51,20.0,1,Credit Card,53.5,Delivered,4.2,19,Tuesday
101266,1033,Zomato,Hyderabad,Hyderabad House,Biryani,2025-06-25 13:58:00,365.35,30.0,0,Credit Card,37.3,Delivered,4.5,13,Wednesday
101256,1133,Uber Eats,Chennai,Chowman,Chinese,2025-03-13 21:40:00,387.21,20.0,0,Credit Card,40.6,Delivered,4.4,21,Thursday
101399,1179,Zomato,Delhi,KFC,Fast Food,2025-07-21 14:19:00,189.33,30.0,0,Debit Card,,Delayed,3.3,14,Monday
101666,1450,Uber Eats,Pune,Burger King,Fast Food,2025-02-25 14:24:00,432.07,30.0,0,Wallet,43.0,Delivered,4.6,14,Tuesday
101118,1433,Swiggy,Bengaluru,Burger King,Fast Food,2025-03-08 21:04:00,344.07,20.0,1,Debit Card,18.2,Delivered,4.7,21,Saturday
101064,1451,Swiggy,Chennai,Domino's,Pizza,2025-07-23 18:42:00,158.71,20.0,0,UPI,43.2,Delivered,4.4,18,Wednesday
100756,1442,Swiggy,Bengaluru,Biryani Zone,Biryani,2025-02-21 13:02:00,296.85,0.0,0,UPI,35.1,Delivered,4.8,13,Friday
100677,1050,Swiggy,Mumbai,Sangeetha,South Indian,2025-03-29 19:54:00,115.55,20.0,0,Debit Card,43.9,Delivered,4.1,19,Saturday
100518,1285,Swiggy,Mumbai,Biryani Zone,Biryani,2025-04-03 13:58:00,372.81,49.0,0,Credit Card,70.9,Delivered,3.6,13,Thursday
101941,1151,Swiggy,Chennai,Murugan Idli Shop,South Indian,2025-05-31 12:21:00,295.05,20.0,0,UPI,50.7,Delivered,4.0,12,Saturday
101523,1090,Zomato,Pune,La Pino'z,Pizza,2025-06-29 13:42:00,361.01,0.0,0,Credit Card,54.1,Delivered,3.8,13,Sunday
100067,1222,Zomato,Chennai,Punjabi Tadka,North Indian,2025-03-23 13:08:00,337.17,40.0,1,UPI,70.1,Delayed,4.1,13,Sunday
100332,1185,Zomato,Chennai,Pizza Hut,Pizza,2025-07-02 13:52:00,337.25,40.0,1,UPI,17.0,Delivered,5.0,13,Wednesday
100568,1385,Zomato,Pune,Paradise Biryani,Biryani,2025-07-25 19:55:00,197.33,40.0,0,Debit Card,21.8,Delivered,4.8,19,Friday
100875,1302,Zomato,Hyderabad,Dilli Darbar,North Indian,2025-06-22 21:48:00,307.66,20.0,0,UPI,49.4,Delivered,4.5,21,Sunday
100231,1513,Zomato,Chennai,Starbucks,Beverages,2025-02-26 19:03:00,175.54,0.0,0,UPI,35.8,Delivered,4.7,19,Wednesday
101444,1083,Zomato,Chennai,Pizza Hut,Pizza,2025-04-28 21:08:00,410.93,40.0,0,Debit Card,26.3,Delivered,4.8,21,Monday
101042,1249,Zomato,Chennai,Theobroma,Desserts,2025-07-30 10:10:00,200.78,40.0,0,UPI,31.7,Delivered,3.9,10,Wednesday
100472,1259,Swiggy,Mumbai,Salad Days,Healthy Food,2025-05-25 13:13:00,169.84,0.0,1,Unknown,35.4,Delivered,4.5,13,Sunday
101898,1448,Zomato,Kolkata,Saravana Bhavan,South Indian,2025-03-11 19:06:00,335.9,40.0,1,Debit Card,51.0,Delivered,4.3,19,Tuesday
100511,1447,Swiggy,Delhi,Sangeetha,South Indian,2025-04-19 13:27:00,158.69,30.0,1,Credit Card,32.6,Delivered,4.4,13,Saturday
100477,1010,Uber Eats,Kolkata,Dilli Darbar,North Indian,2025-02-06 22:08:00,363.79,40.0,1,UPI,54.6,Delivered,4.1,22,Thursday
100915,1275,Swiggy,Bengaluru,Dosa Plaza,South Indian,2025-02-21 12:38:00,276.23,0.0,1,UPI,,Delayed,3.4,12,Friday
101412,1150,Swiggy,Delhi,Punjabi Tadka,North Indian,2025-04-07 20:42:00,333.72,0.0,1,UPI,39.6,Delivered,4.7,20,Monday
100318,1563,Zomato,Chennai,Punjabi Tadka,North Indian,2025-02-28 12:59:00,411.87,0.0,0,UPI,50.8,Delayed,4.2,12,Friday
101996,1331,Zomato,Chennai,Baskin Robbins,Desserts,2025-03-20 12:21:00,121.22,40.0,1,UPI,35.1,Delivered,4.6,12,Thursday
101733,1519,Swiggy,Bengaluru,Baskin Robbins,Desserts,2025-07-28 11:44:00,285.26,20.0,0,UPI,51.2,Delivered,4.2,11,Monday
101171,1378,Swiggy,Delhi,Dilli Darbar,North Indian,2025-02-27 18:43:00,226.65,20.0,1,Debit Card,41.0,Delivered,4.5,18,Thursday
100581,1500,Swiggy,Pune,Dilli Darbar,North Indian,2025-07-07 16:36:00,363.52,40.0,1,UPI,37.6,Delivered,4.4,16,Monday
100132,1054,Swiggy,Chennai,La Pino'z,Pizza,2025-05-02 11:22:00,612.77,0.0,0,Cash on Delivery,24.5,Delivered,5.0,11,Friday
101739,1122,Zomato,Mumbai,Oven Story,Pizza,2025-02-20 13:23:00,498.53,0.0,0,Debit Card,19.7,Delivered,4.9,13,Thursday
100856,1146,Swiggy,Pune,Saravana Bhavan,South Indian,2025-02-10 11:54:00,182.35,20.0,1,Wallet,39.6,Delivered,5.0,11,Monday
101343,1344,Swiggy,Bengaluru,Punjabi Tadka,North Indian,2025-06-04 12:49:00,397.87,30.0,1,UPI,34.2,Delivered,4.6,12,Wednesday
101095,1048,Swiggy,Bengaluru,Punjabi Tadka,North Indian,2025-06-06 14:13:00,488.33,30.0,0,Credit Card,43.4,Delivered,3.8,14,Friday
101966,1222,Swiggy,Bengaluru,Saravana Bhavan,South Indian,2025-04-27 20:30:00,233.1,30.0,0,UPI,38.0,Delivered,4.6,20,Sunday
100368,1013,Swiggy,Chennai,McDonald's,Fast Food,2025-07-16 21:59:00,259.75,49.0,0,UPI,39.6,Delivered,4.4,21,Wednesday
100732,1552,Zomato,Mumbai,Chowman,Chinese,2025-04-04 12:30:00,467.46,40.0,0,UPI,43.9,Delivered,4.5,12,Friday
101375,1575,Swiggy,Chennai,Oven Story,Pizza,2025-05-16 22:20:00,673.49,20.0,1,UPI,20.3,Delivered,5.0,22,Friday
100125,1339,Zomato,Chennai,Biryani Zone,Biryani,2025-07-12 20:12:00,305.45,0.0,0,UPI,26.9,Delivered,4.7,20,Saturday
101950,1549,Swiggy,Bengaluru,Murugan Idli Shop,South Indian,2025-05-18 16:08:00,223.485,40.0,1,UPI,51.3,Delivered,4.5,16,Sunday
101051,1218,Swiggy,Mumbai,Sangeetha,South Indian,2025-04-07 20:54:00,186.57,20.0,1,Credit Card,37.2,Delivered,4.6,20,Monday
100256,1406,Zomato,Chennai,Dosa Plaza,South Indian,2025-04-03 18:15:00,225.75,40.0,1,Cash on Delivery,,Cancelled,,18,Thursday
101983,1450,Zomato,Chennai,Cream Stone,Desserts,2025-02-08 20:01:00,219.28,49.0,1,Credit Card,31.7,Delivered,4.0,20,Saturday
101121,1050,Swiggy,Pune,Curry Leaf,North Indian,2025-04-26 11:10:00,393.43,40.0,0,Wallet,38.3,Delivered,4.5,11,Saturday
100289,1284,Zomato,Hyderabad,Dosa Plaza,South Indian,2025-05-03 14:30:00,298.27,30.0,1,UPI,30.9,Delivered,4.8,14,Saturday
101294,1571,Swiggy,Pune,Biryani Zone,Biryani,2025-04-11 12:29:00,325.68,40.0,0,UPI,25.4,Delivered,4.5,12,Friday
100777,1071,Swiggy,Chennai,Sangeetha,South Indian,2025-03-09 16:56:00,202.12,40.0,0,Cash on Delivery,41.9,Delivered,3.6,16,Sunday
100081,1262,Uber Eats,Chennai,Murugan Idli Shop,South Indian,2025-06-03 11:06:00,192.37,49.0,0,Debit Card,13.5,Delivered,5.0,11,Tuesday
100053,1280,Swiggy,Delhi,Hyderabad House,Biryani,2025-05-27 14:42:00,280.82,20.0,0,Debit Card,27.9,Delivered,4.7,14,Tuesday
100970,1179,Swiggy,Coimbatore,Punjabi Tadka,North Indian,2025-02-16 19:05:00,287.01,30.0,0,Wallet,27.5,Delivered,4.8,19,Sunday
101988,1126,Swiggy,Kolkata,Hyderabad House,Biryani,2025-07-08 13:48:00,239.86,30.0,0,UPI,67.1,Delayed,3.4,13,Tuesday
100557,1525,Zomato,Kolkata,Oven Story,Pizza,2025-04-24 14:17:00,346.84,20.0,1,Cash on Delivery,31.0,Delivered,4.6,14,Thursday
100040,1099,Swiggy,Bengaluru,Oven Story,Pizza,2025-04-01 11:43:00,430.05,40.0,0,UPI,41.8,Delivered,4.7,11,Tuesday
101446,1562,Swiggy,Bengaluru,Wok This Way,Chinese,2025-03-17 20:34:00,494.13,49.0,0,Credit Card,38.9,Delivered,4.1,20,Monday
100261,1102,Swiggy,Delhi,Saravana Bhavan,South Indian,2025-05-13 19:53:00,264.99,0.0,1,UPI,,Delayed,3.5,19,Tuesday
101005,1552,Uber Eats,Chennai,Sangeetha,South Indian,2025-04-24 20:11:00,164.94,0.0,0,Debit Card,46.8,Delivered,4.4,20,Thursday
101943,1018,Swiggy,Coimbatore,Sangeetha,South Indian,2025-03-23 19:56:00,241.68,40.0,1,Credit Card,19.7,Delivered,4.8,19,Sunday
100083,1499,Zomato,Delhi,Paradise Biryani,Biryani,2025-05-04 11:51:00,195.47,40.0,0,Credit Card,63.8,Delayed,3.8,11,Sunday
101132,1476,Uber Eats,Hyderabad,Cream Stone,Desserts,2025-03-06 15:36:00,145.57,30.0,0,UPI,37.7,Delivered,4.2,15,Thursday
101225,1581,Swiggy,Pune,Hyderabad House,Biryani,2025-05-04 18:43:00,424.47,40.0,1,Cash on Delivery,15.4,Delivered,5.0,18,Sunday
101566,1580,Swiggy,Delhi,Dosa Plaza,South Indian,2025-04-04 10:28:00,272.07,40.0,1,UPI,44.5,Delivered,4.3,10,Friday
101499,1504,Zomato,Delhi,Dosa Plaza,South Indian,2025-02-10 20:53:00,181.92,40.0,0,UPI,48.4,Delivered,4.3,20,Monday
100030,1270,Zomato,Delhi,Chennai Biryani Hub,Biryani,2025-06-07 13:09:00,474.24,0.0,1,Credit Card,37.5,Delivered,4.4,13,Saturday
100513,1489,Zomato,Coimbatore,Pizza Hut,Pizza,2025-03-28 21:01:00,623.82,20.0,1,Wallet,38.7,Delivered,4.5,21,Friday
101008,1440,Swiggy,Chennai,Cream Stone,Desserts,2025-07-06 07:03:00,110.99,40.0,1,Debit Card,36.3,Delivered,4.5,7,Sunday
101308,1249,Zomato,Kolkata,Dilli Darbar,North Indian,2025-06-13 18:49:00,313.35,0.0,0,UPI,33.8,Delivered,4.5,18,Friday
101790,1350,Zomato,Hyderabad,Curry Leaf,North Indian,2025-03-01 17:34:00,350.3,20.0,1,UPI,23.5,Delivered,4.7,17,Saturday
101085,1503,Swiggy,Kolkata,KFC,Fast Food,2025-02-11 19:19:00,296.95,0.0,1,UPI,76.5,Delayed,3.4,19,Tuesday
101232,1582,Swiggy,Delhi,Burger King,Fast Food,2025-05-16 13:06:00,280.91,20.0,1,Credit Card,32.4,Delivered,5.0,13,Friday
101316,1425,Swiggy,Kolkata,Sangeetha,South Indian,2025-07-09 18:35:00,274.97,40.0,0,Wallet,36.5,Delivered,4.0,18,Wednesday
101606,1088,Zomato,Pune,KFC,Fast Food,2025-05-28 20:14:00,296.82,40.0,1,Credit Card,21.0,Delivered,5.0,20,Wednesday
101802,1272,Swiggy,Chennai,Murugan Idli Shop,South Indian,2025-03-19 19:50:00,164.16,40.0,1,Debit Card,35.6,Delivered,4.1,19,Wednesday
101056,1269,Uber Eats,Bengaluru,Hyderabad House,Biryani,2025-07-10 13:53:00,258.19,0.0,1,Debit Card,36.9,Delivered,4.8,13,Thursday
101995,1001,Zomato,Bengaluru,Burger King,Fast Food,2025-06-25 18:41:00,225.29,30.0,1,UPI,38.4,Delivered,3.8,18,Wednesday
101888,1036,Swiggy,Bengaluru,Murugan Idli Shop,South Indian,2025-03-10 17:17:00,239.19,40.0,1,UPI,56.9,Delivered,4.1,17,Monday
100048,1406,Zomato,Kolkata,Hyderabad House,Biryani,2025-06-18 20:55:00,185.35,20.0,0,Credit Card,56.7,Delayed,4.0,20,Wednesday
101595,1099,Uber Eats,Coimbatore,Curry Leaf,North Indian,2025-04-14 17:48:00,459.2,20.0,1,Credit Card,27.6,Delivered,4.3,17,Monday
101869,1463,Swiggy,Mumbai,Murugan Idli Shop,South Indian,2025-03-05 20:01:00,293.3,20.0,1,Wallet,60.3,Delivered,3.7,20,Wednesday
100467,1357,Swiggy,Bengaluru,Biryani Zone,Biryani,2025-03-27 20:39:00,194.29,30.0,0,Credit Card,39.9,Delivered,4.0,20,Thursday
100153,1176,Swiggy,Chennai,Domino's,Pizza,2025-06-01 21:52:00,507.09,20.0,0,Wallet,38.7,Delivered,4.2,21,Sunday
101582,1309,Swiggy,Pune,Baskin Robbins,Desserts,2025-03-05 15:42:00,149.95,20.0,0,UPI,55.7,Delivered,4.2,15,Wednesday
101889,1269,Swiggy,Coimbatore,Wok This Way,Chinese,2025-02-05 19:54:00,377.66,30.0,1,Wallet,34.1,Delivered,4.3,19,Wednesday
100394,1431,Zomato,Delhi,Dilli Darbar,North Indian,2025-03-14 18:24:00,361.91,20.0,0,UPI,46.4,Delivered,4.3,18,Friday
100123,1282,Swiggy,Hyderabad,Sangeetha,South Indian,2025-07-29 13:00:00,200.87,30.0,1,UPI,38.2,Delivered,4.7,13,Tuesday
100355,1595,Swiggy,Bengaluru,Starbucks,Beverages,2025-03-27 22:06:00,185.95,0.0,0,Cash on Delivery,54.8,Delivered,4.0,22,Thursday
100134,1476,Uber Eats,Delhi,KFC,Fast Food,2025-04-06 20:11:00,145.17,20.0,0,UPI,43.7,Delivered,4.9,20,Sunday
100268,1367,Zomato,Coimbatore,Chaayos,Beverages,2025-05-17 23:35:00,139.27,49.0,0,Unknown,40.8,Delivered,4.5,23,Saturday
100385,1073,Swiggy,Delhi,Theobroma,Desserts,2025-05-26 17:30:00,162.86,40.0,1,UPI,31.7,Delivered,5.0,17,Monday
100609,1514,Swiggy,Bengaluru,Wok This Way,Chinese,2025-07-02 21:34:00,424.22,30.0,1,UPI,55.4,Delivered,4.1,21,Wednesday
100220,1076,Swiggy,Bengaluru,Chennai Biryani Hub,Biryani,2025-05-28 18:34:00,319.58,20.0,1,UPI,22.3,Delivered,4.5,18,Wednesday
100041,1454,Zomato,Kolkata,Chennai Biryani Hub,Biryani,2025-05-22 21:23:00,436.31,40.0,1,UPI,42.1,Delivered,4.5,21,Thursday
100219,1541,Swiggy,Bengaluru,Paradise Biryani,Biryani,2025-06-07 17:47:00,383.59,40.0,0,Cash on Delivery,20.8,Delivered,5.0,17,Saturday
100597,1467,Swiggy,Kolkata,Curry Leaf,North Indian,2025-05-15 19:33:00,324.02,49.0,1,Debit Card,50.0,Delivered,4.4,19,Thursday
101269,1029,Zomato,Delhi,Paradise Biryani,Biryani,2025-04-20 18:53:00,245.99,20.0,1,Wallet,35.8,Delivered,4.4,18,Sunday
101858,1314,Zomato,Chennai,Domino's,Pizza,2025-05-15 14:54:00,320.87,0.0,1,Credit Card,37.8,Delivered,4.5,14,Thursday
100680,1434,Zomato,Delhi,McDonald's,Fast Food,2025-06-27 11:50:00,296.11,40.0,0,UPI,57.9,Delivered,4.0,11,Friday
101117,1351,Swiggy,Pune,Chennai Biryani Hub,Biryani,2025-07-11 14:52:00,225.94,40.0,0,Credit Card,29.8,Delivered,4.4,14,Friday
101922,1495,Swiggy,Bengaluru,Dilli Darbar,North Indian,2025-03-07 21:24:00,160.22,20.0,1,Credit Card,44.9,Delivered,4.7,21,Friday
100868,1267,Zomato,Mumbai,Chennai Biryani Hub,Biryani,2025-03-23 09:36:00,230.07,30.0,0,UPI,48.0,Delivered,4.0,9,Sunday
100541,1033,Swiggy,Mumbai,Dosa Plaza,South Indian,2025-06-07 15:25:00,260.28,49.0,1,UPI,42.8,Delivered,4.7,15,Saturday
101633,1528,Zomato,Bengaluru,Murugan Idli Shop,South Indian,2025-05-22 11:56:00,210.21,30.0,0,UPI,43.2,Delivered,4.5,11,Thursday
100862,1072,Uber Eats,Delhi,Wok This Way,Chinese,2025-03-25 14:36:00,223.9,0.0,1,Wallet,37.3,Delivered,4.3,14,Tuesday
101379,1324,Zomato,Chennai,Dilli Darbar,North Indian,2025-03-17 21:42:00,264.01,0.0,1,UPI,34.8,Delivered,4.4,21,Monday
101896,1344,Uber Eats,Bengaluru,Starbucks,Beverages,2025-05-28 17:12:00,149.2,30.0,0,Debit Card,52.6,Delivered,4.3,17,Wednesday
101089,1084,Zomato,Chennai,Theobroma,Desserts,2025-03-24 19:24:00,187.36,0.0,1,UPI,31.8,Delivered,4.9,19,Monday
100930,1322,Zomato,Hyderabad,Coastal Feast,Seafood,2025-07-16 13:43:00,531.62,49.0,0,Debit Card,33.0,Delivered,4.4,13,Wednesday
101303,1537,Zomato,Bengaluru,Paradise Biryani,Biryani,2025-06-09 19:56:00,353.63,30.0,0,Credit Card,36.8,Delivered,4.4,19,Monday
101010,1161,Swiggy,Bengaluru,Theobroma,Desserts,2025-05-28 12:05:00,169.45,0.0,0,UPI,31.4,Delivered,4.7,12,Wednesday
101102,1551,Zomato,Mumbai,KFC,Fast Food,2025-05-03 12:22:00,359.13,49.0,1,Credit Card,51.8,Delivered,4.3,12,Saturday
101591,1207,Uber Eats,Hyderabad,Wok This Way,Chinese,2025-05-31 14:39:00,332.67,0.0,0,UPI,33.5,Delivered,4.2,14,Saturday
101837,1182,Swiggy,Chennai,Chowman,Chinese,2025-05-13 07:10:00,362.88,49.0,0,Credit Card,,Cancelled,,7,Tuesday
101801,1281,Zomato,Chennai,Mainland China,Chinese,2025-04-08 12:47:00,334.05,40.0,1,Debit Card,48.9,Delivered,4.1,12,Tuesday
101241,1466,Swiggy,Pune,Biryani Zone,Biryani,2025-06-06 19:01:00,192.06,0.0,1,Credit Card,36.7,Delivered,4.4,19,Friday
101836,1564,Zomato,Chennai,Chennai Biryani Hub,Biryani,2025-04-19 11:19:00,395.74,20.0,0,UPI,46.0,Delivered,4.7,11,Saturday
101757,1365,Zomato,Coimbatore,Subway,Fast Food,2025-03-16 18:16:00,367.56,30.0,1,Credit Card,21.2,Delivered,5.0,18,Sunday
101165,1062,Swiggy,Bengaluru,China Town,Chinese,2025-07-04 22:18:00,330.68,20.0,0,UPI,39.5,Delivered,4.6,22,Friday
100927,1180,Zomato,Pune,Subway,Fast Food,2025-02-04 12:48:00,166.98,30.0,1,Wallet,,Cancelled,,12,Tuesday
100336,1577,Swiggy,Hyderabad,Mainland China,Chinese,2025-06-05 20:02:00,396.71,49.0,1,Cash on Delivery,27.8,Delivered,4.6,20,Thursday
100232,1011,Swiggy,Hyderabad,Tandoor Nights,North Indian,2025-03-05 13:49:00,419.95,20.0,0,Wallet,36.4,Delivered,4.6,13,Wednesday
101980,1394,Zomato,Kolkata,FreshMenu,Healthy Food,2025-04-25 11:09:00,270.34,40.0,0,UPI,31.1,Delivered,4.7,11,Friday
101706,1590,Uber Eats,Chennai,Chennai Biryani Hub,Biryani,2025-04-10 21:30:00,261.16,20.0,1,Cash on Delivery,41.7,Delivered,4.1,21,Thursday
100158,1303,Swiggy,Kolkata,Dilli Darbar,North Indian,2025-04-05 11:38:00,375.95,0.0,0,UPI,36.2,Delivered,4.3,11,Saturday
100468,1108,Zomato,Bengaluru,Dosa Plaza,South Indian,2025-02-05 20:45:00,156.13,20.0,0,Credit Card,53.9,Delivered,4.1,20,Wednesday
101616,1476,Swiggy,Chennai,Dilli Darbar,North Indian,2025-04-18 11:47:00,294.18,30.0,0,UPI,35.6,Delivered,4.2,11,Friday
100872,1068,Uber Eats,Chennai,Chennai Biryani Hub,Biryani,2025-02-28 20:03:00,295.84,49.0,0,UPI,13.0,Delivered,5.0,20,Friday
101632,1054,Uber Eats,Bengaluru,McDonald's,Fast Food,2025-05-26 17:38:00,390.58,49.0,0,UPI,48.6,Delivered,4.3,17,Monday
101044,1425,Uber Eats,Hyderabad,Sangeetha,South Indian,2025-05-28 13:47:00,217.18,0.0,0,UPI,36.9,Delivered,4.5,13,Wednesday
101062,1086,Zomato,Chennai,Chennai Biryani Hub,Biryani,2025-04-23 22:19:00,376.58,40.0,0,Credit Card,23.6,Delivered,4.6,22,Wednesday
101137,1219,Zomato,Pune,Chennai Biryani Hub,Biryani,2025-02-19 18:17:00,315.97,20.0,0,Debit Card,,Cancelled,,18,Wednesday
100585,1554,Uber Eats,Pune,Salad Days,Healthy Food,2025-07-27 20:16:00,442.91,40.0,0,UPI,38.4,Delivered,3.8,20,Sunday
100205,1159,Swiggy,Hyderabad,Hyderabad House,Biryani,2025-05-13 21:38:00,304.52,20.0,0,UPI,35.1,Delivered,4.5,21,Tuesday
100003,1263,Swiggy,Delhi,Chennai Biryani Hub,Biryani,2025-06-18 22:15:00,448.8,30.0,0,UPI,25.9,Delivered,4.5,22,Wednesday
100898,1042,Swiggy,Chennai,Saravana Bhavan,South Indian,2025-04-15 14:51:00,179.76,49.0,1,UPI,36.7,Delivered,4.7,14,Tuesday
100925,1567,Swiggy,Mumbai,Paradise Biryani,Biryani,2025-06-30 20:40:00,270.85,20.0,1,Credit Card,34.3,Delivered,4.7,20,Monday
101414,1351,Zomato,Bengaluru,Murugan Idli Shop,South Indian,2025-07-13 09:31:00,146.46,0.0,1,Wallet,82.2,Delayed,3.4,9,Sunday
101916,1169,Swiggy,Delhi,Dilli Darbar,North Indian,2025-05-07 23:36:00,408.36,20.0,1,Credit Card,40.2,Delivered,4.2,23,Wednesday
101231,1440,Zomato,Chennai,Curry Leaf,North Indian,2025-02-20 07:37:00,490.47,40.0,0,Cash on Delivery,72.9,Delayed,3.9,7,Thursday
101593,1011,Swiggy,Chennai,McDonald's,Fast Food,2025-02-05 12:19:00,425.73,40.0,1,Debit Card,36.9,Delivered,4.5,12,Wednesday
100693,1567,Zomato,Mumbai,Burger King,Fast Food,2025-03-23 17:31:00,261.77,30.0,0,UPI,27.8,Delivered,4.7,17,Sunday
101687,1244,Zomato,Hyderabad,KFC,Fast Food,2025-07-30 22:26:00,362.74,49.0,0,Wallet,38.4,Delivered,4.0,22,Wednesday
101667,1406,Swiggy,Bengaluru,Tandoor Nights,North Indian,2025-04-20 19:18:00,260.03,20.0,0,Wallet,,Cancelled,,19,Sunday
100714,1552,Swiggy,Pune,Biryani Zone,Biryani,2025-04-01 14:20:00,439.6,40.0,1,UPI,60.9,Delivered,3.5,14,Tuesday
101490,1164,Uber Eats,Hyderabad,Oven Story,Pizza,2025-04-20 14:38:00,441.67,20.0,1,UPI,36.7,Delivered,4.4,14,Sunday
101146,1318,Swiggy,Chennai,Baskin Robbins,Desserts,2025-03-17 12:37:00,131.78,20.0,0,UPI,44.3,Delivered,4.3,12,Monday
100654,1331,Uber Eats,Bengaluru,Pizza Hut,Pizza,2025-07-20 19:59:00,126.42,30.0,0,UPI,51.3,Delivered,4.2,19,Sunday
100883,1093,Zomato,Hyderabad,Salad Days,Healthy Food,2025-04-08 14:38:00,312.47,20.0,1,UPI,39.7,Delivered,4.9,14,Tuesday
101027,1168,Swiggy,Mumbai,Hyderabad House,Biryani,2025-07-14 13:31:00,376.69,0.0,1,Cash on Delivery,32.3,Delivered,4.4,13,Monday
101070,1404,Zomato,Bengaluru,Third Wave Coffee,Beverages,2025-07-15 12:02:00,123.35,0.0,1,UPI,70.9,Delayed,3.8,12,Tuesday
101124,1504,Swiggy,Coimbatore,Paradise Biryani,Biryani,2025-02-13 21:52:00,291.16,49.0,0,Wallet,53.6,Delayed,4.4,21,Thursday
101810,1146,Swiggy,Hyderabad,Biryani Zone,Biryani,2025-04-25 22:54:00,322.92,30.0,0,UPI,68.4,Delayed,3.9,22,Friday
101072,1453,Swiggy,Hyderabad,Hyderabad House,Biryani,2025-03-28 14:25:00,317.95,20.0,0,Debit Card,32.1,Delivered,4.7,14,Friday
100157,1334,Swiggy,Chennai,Sangeetha,South Indian,2025-06-24 14:45:00,169.73,30.0,1,UPI,44.1,Delivered,4.5,14,Tuesday
101805,1027,Swiggy,Delhi,Cream Stone,Desserts,2025-03-11 13:36:00,179.84,30.0,1,Wallet,31.6,Delivered,4.3,13,Tuesday
100523,1494,Zomato,Bengaluru,Chowman,Chinese,2025-02-14 13:06:00,243.06,0.0,1,UPI,41.9,Delivered,4.9,13,Friday
100462,1449,Swiggy,Chennai,Paradise Biryani,Biryani,2025-06-12 21:10:00,255.05,40.0,0,Debit Card,37.1,Delivered,4.5,21,Thursday
100652,1121,Swiggy,Bengaluru,Sangeetha,South Indian,2025-04-24 18:23:00,265.08,40.0,1,Wallet,39.3,Delivered,4.4,18,Thursday
100160,1597,Swiggy,Coimbatore,Bay Bites,Seafood,2025-03-20 14:06:00,434.71,0.0,0,UPI,10.0,Delivered,4.9,14,Thursday
100305,1084,Uber Eats,Chennai,Chowman,Chinese,2025-02-19 16:24:00,352.29,30.0,0,UPI,34.5,Delivered,3.9,16,Wednesday
100656,1459,Swiggy,Chennai,Chaayos,Beverages,2025-05-22 18:45:00,109.57,20.0,0,UPI,26.5,Delivered,4.7,18,Thursday
100547,1354,Zomato,Coimbatore,China Town,Chinese,2025-03-06 17:03:00,372.73,20.0,1,Credit Card,33.2,Delivered,4.5,17,Thursday
100713,1458,Uber Eats,Delhi,Wok This Way,Chinese,2025-04-03 22:24:00,392.15,0.0,0,Debit Card,32.9,Delivered,4.5,22,Thursday
100395,1524,Swiggy,Kolkata,Curry Leaf,North Indian,2025-06-27 21:28:00,349.07,0.0,0,Credit Card,27.6,Delivered,4.3,21,Friday
100783,1073,Swiggy,Bengaluru,McDonald's,Fast Food,2025-04-14 11:33:00,212.63,49.0,1,UPI,56.5,Delivered,4.4,11,Monday
100399,1186,Swiggy,Mumbai,Hyderabad House,Biryani,2025-05-06 17:18:00,325.41,49.0,1,Cash on Delivery,49.0,Delivered,3.9,17,Tuesday
100798,1189,Zomato,Hyderabad,China Town,Chinese,2025-02-12 12:37:00,231.33,49.0,0,UPI,45.5,Delayed,4.0,12,Wednesday
100618,1036,Uber Eats,Bengaluru,Sangeetha,South Indian,2025-02-17 21:21:00,178.66,0.0,0,UPI,75.8,Delayed,3.7,21,Monday
101556,1538,Swiggy,Delhi,KFC,Fast Food,2025-05-14 14:51:00,285.99,0.0,0,UPI,38.7,Delivered,4.3,14,Wednesday
100508,1161,Swiggy,Delhi,Theobroma,Desserts,2025-04-04 12:01:00,195.39,40.0,0,Wallet,42.4,Delivered,4.4,12,Friday
101386,1336,Uber Eats,Bengaluru,La Pino'z,Pizza,2025-06-18 19:37:00,519.94,0.0,0,Wallet,42.8,Delivered,4.2,19,Wednesday
100736,1438,Uber Eats,Bengaluru,Saravana Bhavan,South Indian,2025-04-21 14:55:00,295.86,49.0,1,Credit Card,44.6,Delivered,4.6,14,Monday
101156,1072,Swiggy,Kolkata,Tandoor Nights,North Indian,2025-06-03 19:48:00,446.77,40.0,0,Credit Card,,Cancelled,,19,Tuesday
101690,1463,Uber Eats,Hyderabad,Punjabi Tadka,North Indian,2025-03-13 14:54:00,219.6,20.0,1,UPI,33.9,Delivered,4.4,14,Thursday
101510,1200,Zomato,Mumbai,Baskin Robbins,Desserts,2025-05-15 10:21:00,165.46,0.0,1,Credit Card,25.9,Delivered,5.0,10,Thursday
100867,1502,Swiggy,Bengaluru,China Town,Chinese,2025-03-11 13:12:00,305.72,0.0,0,UPI,50.0,Delivered,3.6,13,Tuesday
100459,1063,Swiggy,Pune,Chennai Biryani Hub,Biryani,2025-03-01 17:49:00,398.85,40.0,1,Credit Card,40.5,Delivered,4.2,17,Saturday
101502,1137,Uber Eats,Mumbai,Dosa Plaza,South Indian,2025-04-06 19:53:00,201.24,49.0,1,Debit Card,44.6,Delivered,4.1,19,Sunday
100062,1219,Swiggy,Bengaluru,Oven Story,Pizza,2025-03-27 18:55:00,376.83,0.0,0,Credit Card,13.2,Delivered,4.3,18,Thursday
101845,1370,Zomato,Bengaluru,Chennai Biryani Hub,Biryani,2025-06-23 20:31:00,233.61,0.0,0,Credit Card,38.2,Delivered,4.7,20,Monday
100871,1121,Swiggy,Chennai,Pizza Hut,Pizza,2025-03-18 20:58:00,466.9,20.0,0,Wallet,37.4,Delivered,4.9,20,Tuesday
100986,1369,Swiggy,Bengaluru,Paradise Biryani,Biryani,2025-05-15 18:16:00,408.13,40.0,1,UPI,40.9,Delivered,3.9,18,Thursday
101598,1507,Uber Eats,Bengaluru,Paradise Biryani,Biryani,2025-02-19 18:38:00,339.77,20.0,0,Cash on Delivery,30.6,Delivered,4.8,18,Wednesday
100457,1380,Swiggy,Kolkata,China Town,Chinese,2025-06-07 14:17:00,313.89,20.0,1,Wallet,34.9,Delivered,4.4,14,Saturday
101653,1357,Zomato,Chennai,Dosa Plaza,South Indian,2025-04-23 17:50:00,264.0,0.0,0,Debit Card,46.5,Delivered,4.8,17,Wednesday
100478,1398,Zomato,Kolkata,Saravana Bhavan,South Indian,2025-07-13 14:12:00,173.97,20.0,0,UPI,46.4,Delivered,3.7,14,Sunday
101426,1402,Swiggy,Chennai,Biryani Zone,Biryani,2025-06-17 18:59:00,245.67,49.0,0,UPI,40.7,Delivered,4.2,18,Tuesday
101904,1199,Swiggy,Delhi,Dilli Darbar,North Indian,2025-04-17 21:00:00,441.38,30.0,1,Credit Card,43.4,Delivered,4.5,21,Thursday
100870,1273,Swiggy,Bengaluru,Mainland China,Chinese,2025-07-22 20:47:00,380.73,30.0,1,Credit Card,22.5,Delivered,4.8,20,Tuesday
100790,1057,Zomato,Bengaluru,Subway,Fast Food,2025-06-25 21:25:00,223.56,49.0,0,Wallet,77.4,Delayed,3.7,21,Wednesday
100617,1159,Zomato,Chennai,McDonald's,Fast Food,2025-02-13 17:25:00,232.12,49.0,1,Debit Card,38.1,Delivered,3.8,17,Thursday
101873,1564,Swiggy,Mumbai,Punjabi Tadka,North Indian,2025-03-31 15:52:00,415.69,30.0,1,UPI,40.3,Delivered,4.7,15,Monday
101708,1146,Swiggy,Chennai,Sangeetha,South Indian,2025-03-02 20:00:00,219.65,0.0,0,Cash on Delivery,34.8,Delivered,4.9,20,Sunday
101432,1102,Zomato,Pune,Paradise Biryani,Biryani,2025-03-05 09:53:00,380.49,30.0,1,Credit Card,50.2,Delivered,3.5,9,Wednesday
101158,1230,Swiggy,Hyderabad,Chennai Biryani Hub,Biryani,2025-02-21 11:52:00,312.49,0.0,1,UPI,43.5,Delivered,4.3,11,Friday
100347,1561,Swiggy,Mumbai,Theobroma,Desserts,2025-04-11 12:44:00,153.68,20.0,0,UPI,50.7,Delivered,4.1,12,Friday
101902,1431,Swiggy,Chennai,Wok This Way,Chinese,2025-04-20 18:24:00,318.07,30.0,0,Debit Card,18.2,Delivered,4.8,18,Sunday
101476,1294,Swiggy,Hyderabad,Sweet Truth,Desserts,2025-06-02 19:19:00,216.36,40.0,0,Credit Card,38.7,Delivered,4.0,19,Monday
100972,1286,Zomato,Hyderabad,Saravana Bhavan,South Indian,2025-02-17 10:35:00,124.97,30.0,0,Cash on Delivery,,Cancelled,,10,Monday
100760,1105,Swiggy,Coimbatore,Hyderabad House,Biryani,2025-04-07 14:25:00,391.49,49.0,1,Credit Card,19.4,Delivered,5.0,14,Monday
100954,1471,Uber Eats,Chennai,Dilli Darbar,North Indian,2025-07-03 18:37:00,287.48,0.0,0,Credit Card,,Cancelled,,18,Thursday
100446,1188,Uber Eats,Delhi,Subway,Fast Food,2025-07-20 12:33:00,358.7,30.0,1,UPI,18.7,Delivered,5.0,12,Sunday
100650,1293,Swiggy,Bengaluru,KFC,Fast Food,2025-05-28 19:05:00,372.99,40.0,0,UPI,36.3,Delivered,5.0,19,Wednesday
101249,1586,Swiggy,Pune,Dilli Darbar,North Indian,2025-03-13 12:43:00,243.96,49.0,0,Cash on Delivery,19.4,Delivered,4.9,12,Thursday
101812,1404,Zomato,Hyderabad,Pizza Hut,Pizza,2025-03-30 11:24:00,456.49,40.0,1,Debit Card,72.7,Delayed,3.6,11,Sunday
100379,1157,Swiggy,Coimbatore,KFC,Fast Food,2025-04-04 14:05:00,248.2,30.0,1,UPI,28.3,Delivered,4.8,14,Friday
100564,1533,Zomato,Coimbatore,Third Wave Coffee,Beverages,2025-05-09 11:47:00,141.43,30.0,0,UPI,28.8,Delivered,4.8,11,Friday
101348,1440,Swiggy,Hyderabad,Saravana Bhavan,South Indian,2025-07-08 09:19:00,261.36,30.0,1,Debit Card,28.9,Delivered,5.0,9,Tuesday
101756,1208,Zomato,Hyderabad,Baskin Robbins,Desserts,2025-05-05 17:58:00,99.66,30.0,0,Cash on Delivery,59.3,Delayed,4.6,17,Monday
101295,1308,Swiggy,Hyderabad,Sweet Truth,Desserts,2025-07-04 20:38:00,190.35,40.0,0,UPI,28.7,Delivered,4.9,20,Friday
100956,1240,Zomato,Coimbatore,Saravana Bhavan,South Indian,2025-02-06 18:53:00,250.4,49.0,0,Debit Card,54.7,Delayed,3.9,18,Thursday
101936,1223,Swiggy,Bengaluru,Starbucks,Beverages,2025-04-11 22:48:00,183.2,40.0,0,UPI,,Cancelled,,22,Friday
101180,1364,Zomato,Delhi,Paradise Biryani,Biryani,2025-04-27 18:20:00,373.67,30.0,0,UPI,35.3,Delivered,4.5,18,Sunday
100920,1523,Zomato,Chennai,Tandoor Nights,North Indian,2025-04-26 20:43:00,507.25,0.0,0,UPI,29.0,Delivered,4.3,20,Saturday
101423,1404,Swiggy,Bengaluru,Cream Stone,Desserts,2025-05-26 21:24:00,211.3,40.0,1,UPI,39.5,Delivered,4.3,21,Monday
100382,1568,Zomato,Kolkata,Sweet Truth,Desserts,2025-07-12 13:37:00,125.79,0.0,0,UPI,27.9,Delivered,4.3,13,Saturday
101189,1004,Uber Eats,Hyderabad,Murugan Idli Shop,South Indian,2025-06-20 12:15:00,313.12,49.0,0,Debit Card,40.4,Delivered,4.4,12,Friday
101226,1064,Zomato,Mumbai,Dilli Darbar,North Indian,2025-04-05 15:00:00,385.78,20.0,1,Wallet,42.2,Delivered,4.3,15,Saturday
100072,1277,Swiggy,Pune,Punjabi Tadka,North Indian,2025-06-09 11:47:00,383.9,49.0,0,UPI,23.3,Delivered,4.7,11,Monday
100070,1477,Uber Eats,Chennai,Oven Story,Pizza,2025-04-30 20:54:00,415.72,20.0,1,UPI,20.7,Delivered,5.0,20,Wednesday
101346,1513,Zomato,Delhi,EatFit,Healthy Food,2025-05-12 17:14:00,428.95,0.0,0,UPI,28.0,Delivered,5.0,17,Monday
101534,1489,Uber Eats,Hyderabad,Punjabi Tadka,North Indian,2025-06-23 10:53:00,374.6,30.0,0,Wallet,44.3,Delivered,4.0,10,Monday
100171,1054,Zomato,Delhi,Chowman,Chinese,2025-05-16 19:13:00,314.12,0.0,0,Debit Card,27.9,Delivered,4.9,19,Friday
101050,1304,Uber Eats,Kolkata,Punjabi Tadka,North Indian,2025-07-05 08:48:00,271.66,30.0,0,UPI,23.5,Delivered,4.3,8,Saturday
100168,1200,Zomato,Chennai,Chennai Biryani Hub,Biryani,2025-04-30 15:00:00,326.42,0.0,1,UPI,,Cancelled,,15,Wednesday
100493,1361,Zomato,Mumbai,La Pino'z,Pizza,2025-02-19 20:12:00,659.24,40.0,0,Wallet,55.5,Delivered,4.0,20,Wednesday
101263,1493,Swiggy,Pune,Wok This Way,Chinese,2025-03-03 11:29:00,272.64,0.0,1,Wallet,38.3,Delivered,4.8,11,Monday
101041,1513,Zomato,Delhi,Paradise Biryani,Biryani,2025-04-07 18:53:00,389.98,30.0,1,UPI,25.1,Delivered,5.0,18,Monday
101723,1438,Swiggy,Mumbai,Paradise Biryani,Biryani,2025-02-17 15:07:00,264.0,20.0,0,UPI,45.5,Delivered,4.2,15,Monday
100893,1588,Swiggy,Hyderabad,KFC,Fast Food,2025-07-10 20:13:00,341.61,30.0,1,UPI,34.3,Delivered,4.6,20,Thursday
100272,1090,Swiggy,Mumbai,KFC,Fast Food,2025-03-07 21:28:00,179.03,40.0,0,Wallet,25.5,Delivered,4.9,21,Friday
101307,1142,Swiggy,Bengaluru,McDonald's,Fast Food,2025-03-19 14:53:00,229.38,40.0,1,Wallet,37.6,Delivered,4.6,14,Wednesday
100420,1556,Zomato,Pune,Tandoor Nights,North Indian,2025-02-08 18:10:00,413.59,0.0,0,UPI,37.0,Delivered,4.3,18,Saturday
100094,1538,Zomato,Hyderabad,Coastal Feast,Seafood,2025-06-13 19:41:00,530.54,30.0,1,UPI,27.4,Delivered,4.3,19,Friday
101380,1588,Zomato,Hyderabad,China Town,Chinese,2025-04-05 18:11:00,292.45,0.0,1,Credit Card,39.6,Delivered,4.1,18,Saturday
101713,1440,Swiggy,Kolkata,China Town,Chinese,2025-06-17 11:53:00,471.96,20.0,1,Cash on Delivery,30.8,Delivered,4.1,11,Tuesday
101264,1143,Zomato,Delhi,Curry Leaf,North Indian,2025-02-03 21:22:00,520.14,0.0,1,UPI,37.9,Delivered,4.1,21,Monday
100042,1420,Zomato,Delhi,Oven Story,Pizza,2025-06-08 23:11:00,290.52,20.0,0,Cash on Delivery,38.9,Delivered,4.0,23,Sunday
100056,1327,Uber Eats,Mumbai,Murugan Idli Shop,South Indian,2025-06-24 15:43:00,286.64,20.0,1,Credit Card,60.3,Delivered,4.5,15,Tuesday
101614,1036,Swiggy,Bengaluru,Fish Land,Seafood,2025-03-01 19:34:00,590.66,30.0,0,UPI,35.7,Delivered,4.9,19,Saturday
101122,1161,Swiggy,Kolkata,China Town,Chinese,2025-04-05 11:06:00,328.16,30.0,1,Wallet,39.7,Delivered,4.5,11,Saturday
101186,1085,Zomato,Chennai,China Town,Chinese,2025-02-21 10:41:00,526.43,0.0,1,Cash on Delivery,58.5,Delayed,3.9,10,Friday
101693,1237,Uber Eats,Pune,KFC,Fast Food,2025-06-16 20:51:00,272.47,40.0,1,UPI,21.2,Delivered,5.0,20,Monday
100888,1009,Zomato,Kolkata,KFC,Fast Food,2025-07-17 17:46:00,231.98,30.0,1,Cash on Delivery,26.7,Delivered,4.6,17,Thursday
100574,1004,Swiggy,Bengaluru,La Pino'z,Pizza,2025-02-12 13:07:00,636.96,49.0,1,Wallet,45.3,Delivered,4.6,13,Wednesday
100038,1166,Swiggy,Chennai,McDonald's,Fast Food,2025-03-08 21:25:00,310.62,20.0,0,UPI,37.6,Delivered,4.4,21,Saturday
100306,1181,Zomato,Chennai,Bay Bites,Seafood,2025-04-05 11:29:00,782.98,0.0,0,Debit Card,33.7,Delivered,4.2,11,Saturday
100668,1551,Swiggy,Bengaluru,Wok This Way,Chinese,2025-07-26 17:13:00,314.14,0.0,0,Credit Card,54.0,Delivered,3.7,17,Saturday
100006,1051,Uber Eats,Mumbai,Baskin Robbins,Desserts,2025-02-09 22:54:00,218.18,20.0,1,Credit Card,40.1,Delivered,3.9,22,Sunday
101078,1250,Swiggy,Chennai,Paradise Biryani,Biryani,2025-02-11 13:23:00,397.2,30.0,1,UPI,39.0,Delivered,4.4,13,Tuesday
100782,1073,Swiggy,Kolkata,Punjabi Tadka,North Indian,2025-03-10 20:41:00,454.23,40.0,1,Wallet,43.7,Delivered,4.2,20,Monday
100408,1560,Zomato,Hyderabad,La Pino'z,Pizza,2025-02-06 20:21:00,211.57,30.0,0,Wallet,20.0,Delivered,4.3,20,Thursday
101011,1479,Swiggy,Chennai,Wok This Way,Chinese,2025-04-21 15:20:00,255.77,49.0,0,Debit Card,24.6,Delivered,5.0,15,Monday
100781,1382,Zomato,Pune,Coastal Feast,Seafood,2025-07-22 14:27:00,528.32,0.0,0,UPI,23.9,Delivered,4.5,14,Tuesday
100166,1192,Zomato,Chennai,Curry Leaf,North Indian,2025-05-17 20:39:00,269.52,20.0,0,Debit Card,,Cancelled,,20,Saturday
100534,1346,Swiggy,Delhi,Burger King,Fast Food,2025-05-01 21:22:00,284.52,49.0,0,Cash on Delivery,20.1,Delivered,4.7,21,Thursday
100583,1031,Swiggy,Delhi,Mainland China,Chinese,2025-02-12 20:32:00,517.3,20.0,1,UPI,30.1,Delivered,4.7,20,Wednesday
101676,1089,Zomato,Chennai,Dilli Darbar,North Indian,2025-04-27 18:25:00,250.56,30.0,1,Credit Card,37.5,Delivered,4.1,18,Sunday
101924,1216,Swiggy,Hyderabad,Pizza Hut,Pizza,2025-07-02 14:51:00,507.96,49.0,0,UPI,13.9,Delivered,4.9,14,Wednesday
101825,1540,Zomato,Hyderabad,Saravana Bhavan,South Indian,2025-02-05 13:02:00,198.16,0.0,1,UPI,36.5,Delivered,4.3,13,Wednesday
101953,1279,Uber Eats,Coimbatore,Chowman,Chinese,2025-04-20 19:28:00,389.58,20.0,0,Credit Card,55.1,Delayed,3.5,19,Sunday
101871,1124,Zomato,Bengaluru,Saravana Bhavan,South Indian,2025-05-31 11:19:00,227.74,0.0,1,Cash on Delivery,29.1,Delivered,4.0,11,Saturday
101274,1457,Zomato,Chennai,Chennai Biryani Hub,Biryani,2025-04-11 17:34:00,257.37,0.0,0,Debit Card,31.1,Delivered,4.8,17,Friday
101912,1001,Zomato,Bengaluru,Mainland China,Chinese,2025-02-25 19:28:00,117.41,20.0,0,Wallet,,Cancelled,,19,Tuesday
101125,1506,Swiggy,Chennai,Domino's,Pizza,2025-07-09 12:40:00,475.55,49.0,1,Wallet,29.8,Delivered,4.6,12,Wednesday
101134,1368,Zomato,Hyderabad,Oven Story,Pizza,2025-06-06 10:41:00,363.41,20.0,0,UPI,35.7,Delivered,4.2,10,Friday
101087,1594,Swiggy,Mumbai,La Pino'z,Pizza,2025-04-05 11:30:00,274.45,40.0,1,Cash on Delivery,57.4,Delivered,4.0,11,Saturday
100813,1170,Swiggy,Chennai,Chowman,Chinese,2025-05-26 11:07:00,411.47,0.0,1,Wallet,29.2,Delivered,4.8,11,Monday
100316,1438,Zomato,Delhi,Biryani Zone,Biryani,2025-07-25 18:04:00,394.29,20.0,0,Wallet,42.5,Delivered,4.2,18,Friday
101626,1346,Zomato,Pune,Wok This Way,Chinese,2025-05-10 14:59:00,425.24,20.0,1,UPI,30.2,Delivered,4.2,14,Saturday
101742,1273,Swiggy,Delhi,Chennai Biryani Hub,Biryani,2025-04-16 21:55:00,285.84,49.0,0,Credit Card,82.1,Delayed,3.5,21,Wednesday
100516,1528,Swiggy,Mumbai,Chennai Biryani Hub,Biryani,2025-04-08 19:19:00,418.31,49.0,1,Wallet,43.2,Delivered,4.2,19,Tuesday
101688,1563,Swiggy,Pune,Murugan Idli Shop,South Indian,2025-02-25 13:08:00,194.96,30.0,1,UPI,37.6,Delivered,4.6,13,Tuesday
100533,1170,Zomato,Chennai,Dilli Darbar,North Indian,2025-02-20 12:01:00,466.75,30.0,0,Wallet,32.1,Delivered,3.9,12,Thursday
101058,1254,Swiggy,Bengaluru,Subway,Fast Food,2025-06-07 21:05:00,316.38,30.0,1,UPI,,Delayed,3.4,21,Saturday
100271,1013,Swiggy,Mumbai,KFC,Fast Food,2025-02-27 19:52:00,306.59,40.0,0,UPI,44.9,Delivered,4.2,19,Thursday
100548,1309,Swiggy,Chennai,Chowman,Chinese,2025-02-20 19:11:00,450.22,0.0,0,Cash on Delivery,40.0,Delivered,4.6,19,Thursday
100964,1569,Zomato,Bengaluru,China Town,Chinese,2025-06-27 15:55:00,264.68,40.0,0,UPI,24.2,Delivered,4.4,15,Friday
101717,1227,Uber Eats,Mumbai,Subway,Fast Food,2025-02-11 22:13:00,365.13,40.0,1,UPI,53.0,Delivered,4.6,22,Tuesday
101649,1501,Zomato,Hyderabad,La Pino'z,Pizza,2025-06-14 13:35:00,504.8,20.0,0,Credit Card,40.6,Delivered,4.4,13,Saturday
100598,1376,Zomato,Coimbatore,Saravana Bhavan,South Indian,2025-07-11 13:09:00,212.15,40.0,1,UPI,33.5,Delivered,4.1,13,Friday
101622,1554,Swiggy,Mumbai,Chennai Biryani Hub,Biryani,2025-05-19 13:32:00,381.85,40.0,0,Wallet,49.0,Delivered,4.4,13,Monday
100570,1569,Swiggy,Delhi,Paradise Biryani,Biryani,2025-04-09 19:37:00,343.11,30.0,1,Debit Card,41.4,Delivered,3.9,19,Wednesday
100074,1411,Zomato,Pune,Bay Bites,Seafood,2025-06-18 10:25:00,360.09,20.0,0,Wallet,41.7,Delivered,4.1,10,Wednesday
100061,1446,Zomato,Hyderabad,Paradise Biryani,Biryani,2025-07-10 13:13:00,374.49,0.0,1,UPI,25.0,Delivered,4.4,13,Thursday
100809,1598,Swiggy,Pune,Theobroma,Desserts,2025-03-09 19:58:00,181.16,20.0,0,Wallet,71.1,Delayed,4.4,19,Sunday
100244,1377,Swiggy,Chennai,Dilli Darbar,North Indian,2025-07-08 19:39:00,369.78,0.0,1,Wallet,44.1,Delivered,4.0,19,Tuesday
101360,1049,Zomato,Bengaluru,Dilli Darbar,North Indian,2025-05-14 13:07:00,456.8,20.0,0,UPI,34.2,Delivered,4.9,13,Wednesday
101459,1309,Zomato,Pune,China Town,Chinese,2025-02-26 08:05:00,317.46,40.0,0,Wallet,38.6,Delivered,4.2,8,Wednesday
100105,1472,Zomato,Delhi,Dilli Darbar,North Indian,2025-07-29 12:55:00,179.11,0.0,0,UPI,44.5,Delivered,4.2,12,Tuesday
100673,1057,Swiggy,Bengaluru,Murugan Idli Shop,South Indian,2025-03-13 20:49:00,198.35,20.0,1,UPI,24.6,Delivered,4.7,20,Thursday
100642,1512,Zomato,Pune,Theobroma,Desserts,2025-03-31 18:24:00,256.86,0.0,1,UPI,38.6,Delivered,4.6,18,Monday
101442,1560,Swiggy,Pune,KFC,Fast Food,2025-04-22 12:10:00,261.6,0.0,0,Debit Card,31.7,Delivered,4.6,12,Tuesday
100665,1416,Zomato,Hyderabad,Mainland China,Chinese,2025-06-26 12:50:00,366.12,0.0,1,Debit Card,46.4,Delivered,4.2,12,Thursday
100509,1141,Zomato,Bengaluru,Murugan Idli Shop,South Indian,2025-07-29 13:31:00,238.38,20.0,0,Wallet,38.9,Delivered,4.1,13,Tuesday
100131,1332,Zomato,Kolkata,Chennai Biryani Hub,Biryani,2025-02-07 11:46:00,451.2,0.0,0,Unknown,39.3,Delivered,4.3,11,Friday
100444,1305,Swiggy,Pune,FreshMenu,Healthy Food,2025-04-26 22:05:00,220.49,49.0,0,Wallet,32.3,Delivered,4.4,22,Saturday
100866,1491,Uber Eats,Mumbai,KFC,Fast Food,2025-07-10 13:06:00,196.4,30.0,1,UPI,62.3,Delivered,4.0,13,Thursday
101792,1206,Zomato,Bengaluru,Mainland China,Chinese,2025-02-09 13:53:00,540.23,20.0,1,UPI,47.3,Delivered,4.6,13,Sunday
100057,1092,Swiggy,Chennai,Murugan Idli Shop,South Indian,2025-02-21 14:37:00,270.63,20.0,0,UPI,42.4,Delivered,5.0,14,Friday
101890,1111,Swiggy,Bengaluru,China Town,Chinese,2025-05-13 16:57:00,346.29,0.0,0,Credit Card,35.8,Delivered,4.5,16,Tuesday
101081,1593,Swiggy,Bengaluru,Chennai Biryani Hub,Biryani,2025-02-20 13:57:00,404.82,20.0,1,UPI,39.6,Delivered,4.3,13,Thursday
101179,1014,Uber Eats,Kolkata,Dilli Darbar,North Indian,2025-06-11 13:48:00,323.26,49.0,0,UPI,48.2,Delivered,4.2,13,Wednesday
100086,1058,Zomato,Chennai,Sweet Truth,Desserts,2025-07-07 09:56:00,160.9,30.0,1,Wallet,25.5,Delivered,5.0,9,Monday
101866,1066,Swiggy,Bengaluru,Dosa Plaza,South Indian,2025-02-09 21:14:00,99.21,40.0,0,UPI,16.9,Delivered,4.8,21,Sunday
100771,1591,Zomato,Coimbatore,Subway,Fast Food,2025-07-28 13:42:00,304.34,0.0,0,Wallet,22.9,Delivered,5.0,13,Monday
101369,1380,Zomato,Hyderabad,China Town,Chinese,2025-02-14 15:02:00,336.77,0.0,1,Cash on Delivery,28.4,Delivered,4.3,15,Friday
100708,1285,Uber Eats,Hyderabad,Paradise Biryani,Biryani,2025-06-17 18:27:00,506.28,40.0,0,UPI,23.2,Delivered,5.0,18,Tuesday
101571,1216,Zomato,Pune,Dosa Plaza,South Indian,2025-06-03 13:50:00,131.47,20.0,0,Debit Card,77.4,Delayed,4.1,13,Tuesday
101351,1235,Zomato,Chennai,Third Wave Coffee,Beverages,2025-06-29 19:26:00,145.23,0.0,0,Credit Card,39.1,Delivered,4.5,19,Sunday
101576,1328,Zomato,Pune,Tandoor Nights,North Indian,2025-06-21 13:00:00,388.55,0.0,0,UPI,33.1,Delivered,4.2,13,Saturday
100538,1324,Zomato,Chennai,Tandoor Nights,North Indian,2025-07-07 18:49:00,237.36,20.0,1,UPI,45.7,Delivered,4.4,18,Monday
101448,1443,Zomato,Mumbai,Chowman,Chinese,2025-07-22 13:25:00,282.57,40.0,0,UPI,16.2,Delivered,5.0,13,Tuesday
101468,1466,Zomato,Coimbatore,FreshMenu,Healthy Food,2025-02-20 07:59:00,259.35,30.0,1,Credit Card,36.9,Delivered,4.8,7,Thursday
101567,1362,Swiggy,Chennai,Sangeetha,South Indian,2025-03-15 14:50:00,203.14,49.0,0,Cash on Delivery,37.5,Delivered,4.2,14,Saturday
101318,1269,Zomato,Pune,Dilli Darbar,North Indian,2025-05-20 15:11:00,493.77,20.0,0,Cash on Delivery,25.0,Delivered,4.9,15,Tuesday
100418,1177,Uber Eats,Chennai,Biryani Zone,Biryani,2025-04-11 12:39:00,304.43,40.0,1,UPI,26.1,Delivered,4.8,12,Friday
101861,1177,Zomato,Kolkata,Chai Point,Beverages,2025-02-06 22:17:00,191.59,30.0,0,Credit Card,63.1,Delayed,4.2,22,Thursday
101073,1315,Zomato,Chennai,Hyderabad House,Biryani,2025-03-12 09:34:00,291.15,40.0,0,Debit Card,53.9,Delivered,4.0,9,Wednesday
101718,1247,Swiggy,Hyderabad,China Town,Chinese,2025-02-20 18:22:00,245.28,0.0,1,Cash on Delivery,17.4,Delivered,4.6,18,Thursday
101610,1465,Uber Eats,Pune,Wok This Way,Chinese,2025-07-25 11:22:00,337.19,40.0,1,Wallet,29.6,Delivered,4.4,11,Friday
100851,1480,Uber Eats,Bengaluru,McDonald's,Fast Food,2025-03-14 21:30:00,280.61,0.0,0,UPI,36.0,Delivered,4.4,21,Friday
101763,1361,Swiggy,Hyderabad,China Town,Chinese,2025-03-06 07:36:00,435.55,40.0,0,UPI,40.3,Delivered,4.5,7,Thursday
101740,1258,Swiggy,Chennai,Dosa Plaza,South Indian,2025-07-22 19:16:00,207.41,0.0,0,Credit Card,34.7,Delivered,5.0,19,Tuesday
101704,1551,Zomato,Chennai,Punjabi Tadka,North Indian,2025-07-03 12:22:00,483.61,40.0,0,UPI,24.7,Delivered,5.0,12,Thursday
101776,1199,Zomato,Hyderabad,Dilli Darbar,North Indian,2025-04-08 07:30:00,396.87,40.0,1,UPI,24.6,Delivered,5.0,7,Tuesday
101482,1173,Swiggy,Pune,Subway,Fast Food,2025-07-08 09:31:00,240.32,40.0,0,Wallet,46.0,Delivered,4.4,9,Tuesday
101743,1013,Zomato,Bengaluru,Paradise Biryani,Biryani,2025-06-17 14:58:00,376.53,20.0,0,Debit Card,50.6,Delivered,3.7,14,Tuesday
101809,1575,Swiggy,Mumbai,Cream Stone,Desserts,2025-07-29 14:48:00,195.44,40.0,0,Cash on Delivery,36.9,Delivered,4.3,14,Tuesday
100304,1325,Zomato,Delhi,Paradise Biryani,Biryani,2025-03-07 12:16:00,175.15,0.0,1,Cash on Delivery,41.9,Delivered,4.4,12,Friday
101528,1012,Zomato,Bengaluru,Saravana Bhavan,South Indian,2025-04-29 19:44:00,127.82,20.0,0,Cash on Delivery,41.9,Delivered,4.5,19,Tuesday
100335,1484,Zomato,Bengaluru,Baskin Robbins,Desserts,2025-06-15 19:19:00,192.08,30.0,0,Debit Card,53.8,Delayed,3.7,19,Sunday
100995,1375,Zomato,Chennai,Tandoor Nights,North Indian,2025-05-21 20:49:00,556.53,20.0,1,Wallet,39.8,Delivered,4.5,20,Wednesday
100569,1342,Zomato,Bengaluru,Subway,Fast Food,2025-05-12 18:18:00,421.61,40.0,0,Cash on Delivery,67.1,Delayed,3.9,18,Monday
100088,1460,Zomato,Mumbai,Chaayos,Beverages,2025-06-07 11:41:00,136.29,49.0,0,Credit Card,31.3,Delivered,4.7,11,Saturday
100874,1418,Uber Eats,Coimbatore,Biryani Zone,Biryani,2025-06-25 12:17:00,283.34,20.0,0,UPI,66.4,Delayed,3.8,12,Wednesday
101162,1508,Swiggy,Pune,Tandoor Nights,North Indian,2025-06-30 11:00:00,164.22,30.0,0,Debit Card,34.3,Delivered,4.5,11,Monday
101535,1018,Zomato,Chennai,Biryani Zone,Biryani,2025-06-18 13:20:00,165.3,20.0,0,UPI,29.2,Delivered,4.4,13,Wednesday
100712,1436,Uber Eats,Coimbatore,Bay Bites,Seafood,2025-05-16 18:41:00,558.6,20.0,0,Cash on Delivery,50.2,Delivered,4.3,18,Friday
101760,1230,Zomato,Hyderabad,Paradise Biryani,Biryani,2025-04-24 21:35:00,80.0,0.0,0,Wallet,17.5,Delivered,5.0,21,Thursday
101863,1222,Swiggy,Delhi,Oven Story,Pizza,2025-06-12 21:34:00,526.53,0.0,1,Wallet,48.5,Delivered,4.9,21,Thursday
101529,1551,Zomato,Mumbai,Hyderabad House,Biryani,2025-07-13 14:38:00,224.08,0.0,1,UPI,41.0,Delivered,4.1,14,Sunday
100221,1273,Swiggy,Pune,Dosa Plaza,South Indian,2025-05-20 20:16:00,247.83,40.0,0,Cash on Delivery,32.8,Delivered,4.1,20,Tuesday
100319,1461,Zomato,Bengaluru,Domino's,Pizza,2025-04-05 12:49:00,490.03,20.0,0,UPI,51.4,Delivered,4.0,12,Saturday
101933,1571,Uber Eats,Bengaluru,Wok This Way,Chinese,2025-04-10 12:36:00,387.82,40.0,1,UPI,37.8,Delivered,5.0,12,Thursday
100878,1328,Zomato,Chennai,Mainland China,Chinese,2025-07-18 07:46:00,367.59,0.0,0,UPI,25.8,Delivered,4.6,7,Friday
101815,1066,Zomato,Chennai,Chennai Biryani Hub,Biryani,2025-03-10 22:00:00,302.96,40.0,0,UPI,35.5,Delivered,4.7,22,Monday
100825,1054,Swiggy,Mumbai,Paradise Biryani,Biryani,2025-04-10 18:08:00,360.07,20.0,0,Wallet,45.4,Delivered,4.7,18,Thursday
101699,1576,Uber Eats,Delhi,Murugan Idli Shop,South Indian,2025-03-21 21:20:00,195.67,20.0,1,UPI,25.2,Delivered,4.4,21,Friday
101478,1138,Swiggy,Pune,Domino's,Pizza,2025-03-21 18:45:00,445.54,0.0,0,UPI,30.3,Delivered,4.8,18,Friday
100138,1208,Swiggy,Delhi,Domino's,Pizza,2025-05-29 18:52:00,330.42,0.0,0,Cash on Delivery,25.8,Delivered,4.4,18,Thursday
100163,1243,Swiggy,Delhi,Curry Leaf,North Indian,2025-04-10 20:39:00,492.81,20.0,0,UPI,49.9,Delivered,3.5,20,Thursday
101795,1121,Zomato,Chennai,Sangeetha,South Indian,2025-06-08 21:47:00,233.04,0.0,0,Debit Card,38.6,Delivered,5.0,21,Sunday
101461,1187,Zomato,Hyderabad,Theobroma,Desserts,2025-02-22 14:00:00,186.72,0.0,1,UPI,28.3,Delivered,5.0,14,Saturday
100960,1092,Zomato,Bengaluru,Hyderabad House,Biryani,2025-03-03 22:49:00,316.08,0.0,0,UPI,33.7,Delivered,4.8,22,Monday
101754,1375,Uber Eats,Kolkata,Punjabi Tadka,North Indian,2025-07-16 21:07:00,338.15,40.0,1,Debit Card,41.7,Delivered,4.1,21,Wednesday
101309,1511,Uber Eats,Mumbai,China Town,Chinese,2025-02-14 12:01:00,385.31,0.0,0,Debit Card,49.7,Delivered,4.6,12,Friday
101190,1249,Swiggy,Chennai,Subway,Fast Food,2025-02-11 10:02:00,374.93,0.0,1,Credit Card,22.3,Delivered,4.9,10,Tuesday
101944,1228,Swiggy,Hyderabad,Dilli Darbar,North Indian,2025-06-07 13:09:00,475.69,40.0,1,UPI,19.4,Delivered,4.6,13,Saturday
101932,1500,Zomato,Delhi,Murugan Idli Shop,South Indian,2025-04-14 19:02:00,156.83,40.0,1,Credit Card,45.1,Delivered,4.4,19,Monday
101818,1081,Swiggy,Mumbai,Paradise Biryani,Biryani,2025-05-14 11:01:00,367.67,40.0,0,UPI,57.3,Delivered,4.2,11,Wednesday
100633,1227,Zomato,Hyderabad,Chennai Biryani Hub,Biryani,2025-05-06 20:11:00,276.36,40.0,1,Debit Card,37.9,Delivered,4.3,20,Tuesday
101199,1372,Zomato,Chennai,Fish Land,Seafood,2025-03-17 21:53:00,646.06,30.0,1,Credit Card,29.9,Delivered,4.8,21,Monday
100655,1319,Swiggy,Chennai,Pizza Hut,Pizza,2025-03-26 11:33:00,441.37,49.0,1,UPI,23.2,Delivered,5.0,11,Wednesday
100016,1307,Zomato,Kolkata,Saravana Bhavan,South Indian,2025-05-20 20:34:00,240.48,30.0,0,Cash on Delivery,42.3,Delivered,4.4,20,Tuesday
101643,1356,Zomato,Chennai,Oven Story,Pizza,2025-07-18 16:08:00,510.81,40.0,0,UPI,24.1,Delivered,5.0,16,Friday
101611,1086,Zomato,Bengaluru,Oven Story,Pizza,2025-05-05 20:21:00,554.38,20.0,1,Debit Card,48.2,Delivered,4.4,20,Monday
100137,1018,Swiggy,Chennai,Biryani Zone,Biryani,2025-05-18 20:19:00,321.61,20.0,0,UPI,41.3,Delivered,4.0,20,Sunday
101236,1002,Swiggy,Bengaluru,Punjabi Tadka,North Indian,2025-02-12 19:41:00,398.28,30.0,1,UPI,33.7,Delivered,4.4,19,Wednesday
100697,1354,Zomato,Chennai,Chai Point,Beverages,2025-03-27 13:18:00,178.56,20.0,1,UPI,38.6,Delivered,4.4,13,Thursday
101097,1453,Zomato,Mumbai,Sangeetha,South Indian,2025-05-06 17:52:00,248.22,0.0,0,UPI,20.8,Delivered,4.6,17,Tuesday
101628,1232,Swiggy,Chennai,La Pino'z,Pizza,2025-07-30 20:06:00,210.47,40.0,0,Wallet,29.1,Delivered,4.7,20,Wednesday
100448,1312,Zomato,Bengaluru,Murugan Idli Shop,South Indian,2025-02-03 15:10:00,183.09,40.0,0,Unknown,29.2,Delivered,4.9,15,Monday
101909,1564,Zomato,Chennai,Curry Leaf,North Indian,2025-05-24 19:20:00,404.07,40.0,1,Wallet,25.0,Delivered,4.7,19,Saturday
100327,1022,Zomato,Pune,Starbucks,Beverages,2025-06-15 14:50:00,123.37,30.0,1,Credit Card,50.2,Delivered,4.1,14,Sunday
100317,1436,Swiggy,Chennai,Chaayos,Beverages,2025-04-13 18:34:00,198.69,30.0,1,Wallet,43.2,Delivered,4.1,18,Sunday
101753,1236,Swiggy,Hyderabad,Third Wave Coffee,Beverages,2025-05-04 21:26:00,138.5,20.0,1,UPI,29.5,Delivered,4.8,21,Sunday
100526,1554,Swiggy,Chennai,Domino's,Pizza,2025-02-20 15:09:00,473.25,20.0,1,Cash on Delivery,55.7,Delayed,4.1,15,Thursday
100087,1187,Zomato,Hyderabad,Punjabi Tadka,North Indian,2025-02-05 13:45:00,347.13,0.0,1,UPI,38.6,Delivered,4.4,13,Wednesday
101285,1029,Swiggy,Chennai,Saravana Bhavan,South Indian,2025-05-04 21:07:00,199.94,40.0,0,UPI,44.6,Delivered,4.7,21,Sunday
100148,1493,Zomato,Pune,Chaayos,Beverages,2025-07-04 11:58:00,141.19,30.0,0,Cash on Delivery,53.2,Delivered,3.8,11,Friday
101635,1321,Swiggy,Chennai,Oven Story,Pizza,2025-04-14 12:33:00,369.09,40.0,0,UPI,48.0,Delivered,4.2,12,Monday
101544,1138,Zomato,Bengaluru,La Pino'z,Pizza,2025-04-09 21:56:00,516.31,30.0,0,Credit Card,25.9,Delivered,4.8,21,Wednesday
101473,1124,Zomato,Chennai,Murugan Idli Shop,South Indian,2025-07-22 21:56:00,221.66,30.0,1,UPI,40.4,Delivered,3.9,21,Tuesday
100365,1311,Zomato,Bengaluru,EatFit,Healthy Food,2025-05-30 13:56:00,294.34,20.0,1,Wallet,33.3,Delivered,4.6,13,Friday
100589,1506,Swiggy,Bengaluru,Murugan Idli Shop,South Indian,2025-04-24 19:05:00,236.22,40.0,1,Debit Card,25.1,Delivered,4.6,19,Thursday
101524,1362,Uber Eats,Delhi,Tandoor Nights,North Indian,2025-04-06 12:07:00,437.54,20.0,1,UPI,,Cancelled,,12,Sunday
100198,1203,Swiggy,Chennai,Cream Stone,Desserts,2025-04-04 19:16:00,164.19,30.0,1,Unknown,30.6,Delivered,4.5,19,Friday
101910,1044,Zomato,Chennai,Cream Stone,Desserts,2025-05-07 10:31:00,149.35,20.0,0,UPI,,Cancelled,,10,Wednesday
100192,1364,Uber Eats,Mumbai,Hyderabad House,Biryani,2025-05-03 10:16:00,355.34,30.0,0,UPI,25.4,Delivered,4.4,10,Saturday
100404,1299,Swiggy,Pune,Dosa Plaza,South Indian,2025-02-01 15:09:00,233.41,0.0,0,Wallet,32.3,Delivered,4.4,15,Saturday
101587,1046,Swiggy,Kolkata,Green Bowl,Healthy Food,2025-04-10 18:07:00,410.49,20.0,0,Credit Card,37.6,Delivered,4.4,18,Thursday
101282,1236,Swiggy,Mumbai,Tandoor Nights,North Indian,2025-03-02 19:59:00,311.81,20.0,0,Credit Card,30.9,Delivered,5.0,19,Sunday
100483,1478,Swiggy,Mumbai,Dilli Darbar,North Indian,2025-05-27 12:14:00,300.34,20.0,0,Credit Card,36.8,Delivered,3.7,12,Tuesday
101761,1245,Uber Eats,Hyderabad,Saravana Bhavan,South Indian,2025-05-25 08:53:00,205.73,40.0,0,UPI,43.3,Delivered,4.4,8,Sunday
100791,1272,Swiggy,Bengaluru,Chowman,Chinese,2025-06-06 10:12:00,332.46,20.0,1,Wallet,39.3,Delivered,5.0,10,Friday
100799,1265,Zomato,Bengaluru,Curry Leaf,North Indian,2025-07-02 12:03:00,356.62,0.0,1,UPI,50.1,Delivered,4.3,12,Wednesday
100384,1019,Uber Eats,Chennai,Oven Story,Pizza,2025-07-19 10:51:00,522.96,0.0,0,UPI,39.6,Delivered,4.7,10,Saturday
100750,1576,Zomato,Chennai,Hyderabad House,Biryani,2025-02-28 19:47:00,306.9,40.0,1,Cash on Delivery,38.0,Delivered,4.1,19,Friday
100422,1459,Zomato,Mumbai,Cream Stone,Desserts,2025-03-30 14:44:00,149.92,0.0,0,Debit Card,,Delivered,3.6,14,Sunday
100314,1146,Swiggy,Bengaluru,Curry Leaf,North Indian,2025-05-04 10:10:00,385.78,0.0,1,UPI,32.9,Delivered,5.0,10,Sunday
101021,1043,Swiggy,Chennai,Third Wave Coffee,Beverages,2025-02-16 18:44:00,195.05,30.0,0,Wallet,62.9,Delayed,3.8,18,Sunday
100543,1104,Swiggy,Bengaluru,Dosa Plaza,South Indian,2025-03-09 12:31:00,206.8,0.0,0,Wallet,31.4,Delivered,4.5,12,Sunday
100913,1588,Zomato,Bengaluru,Oven Story,Pizza,2025-03-07 15:30:00,458.72,40.0,1,UPI,21.9,Delivered,4.8,15,Friday
100662,1021,Zomato,Kolkata,Sangeetha,South Indian,2025-03-31 20:46:00,160.4,40.0,0,Wallet,76.0,Delayed,3.7,20,Monday
100902,1131,Zomato,Delhi,Hyderabad House,Biryani,2025-05-26 12:12:00,213.06,49.0,0,Cash on Delivery,43.5,Delivered,4.1,12,Monday
101409,1169,Uber Eats,Chennai,Pizza Hut,Pizza,2025-05-17 20:18:00,581.49,30.0,1,Debit Card,38.8,Delivered,4.1,20,Saturday
100685,1480,Swiggy,Chennai,Chennai Biryani Hub,Biryani,2025-07-25 15:14:00,381.77,0.0,1,UPI,37.5,Delivered,4.8,15,Friday
101691,1533,Swiggy,Bengaluru,Biryani Zone,Biryani,2025-04-23 18:33:00,158.48,30.0,0,UPI,37.5,Delivered,4.6,18,Wednesday
100159,1470,Zomato,Bengaluru,La Pino'z,Pizza,2025-07-02 12:17:00,447.91,40.0,0,UPI,38.8,Delivered,4.7,12,Wednesday
100999,1307,Zomato,Chennai,McDonald's,Fast Food,2025-02-25 19:36:00,356.0,40.0,0,Debit Card,,Cancelled,,19,Tuesday
101312,1467,Swiggy,Bengaluru,FreshMenu,Healthy Food,2025-04-21 19:28:00,362.48,20.0,0,UPI,39.5,Delivered,4.7,19,Monday
101791,1528,Swiggy,Chennai,Oven Story,Pizza,2025-05-03 20:14:00,536.16,49.0,0,UPI,38.3,Delivered,4.9,20,Saturday
100202,1297,Zomato,Kolkata,Chennai Biryani Hub,Biryani,2025-02-03 17:19:00,287.22,0.0,1,UPI,44.9,Delivered,4.7,17,Monday
101023,1505,Swiggy,Kolkata,KFC,Fast Food,2025-03-24 21:01:00,246.17,20.0,0,Credit Card,46.4,Delivered,4.4,21,Monday
101962,1085,Swiggy,Hyderabad,Sangeetha,South Indian,2025-02-05 20:20:00,207.47,0.0,1,UPI,36.9,Delivered,4.6,20,Wednesday
101200,1527,Swiggy,Chennai,Sangeetha,South Indian,2025-07-21 19:40:00,242.01,30.0,0,UPI,29.2,Delivered,4.7,19,Monday
100112,1333,Zomato,Delhi,Sweet Truth,Desserts,2025-05-17 13:44:00,210.54,40.0,1,Wallet,34.1,Delivered,4.4,13,Saturday
101891,1147,Uber Eats,Bengaluru,Pizza Hut,Pizza,2025-06-11 11:04:00,361.73,20.0,1,Credit Card,36.3,Delivered,4.7,11,Wednesday
101970,1497,Zomato,Mumbai,Cream Stone,Desserts,2025-05-25 11:18:00,137.87,40.0,1,Cash on Delivery,57.1,Delivered,4.0,11,Sunday
100980,1353,Zomato,Chennai,Sangeetha,South Indian,2025-06-19 11:36:00,227.6,20.0,0,Credit Card,34.9,Delivered,4.5,11,Thursday
100922,1267,Zomato,Bengaluru,Baskin Robbins,Desserts,2025-03-02 21:28:00,126.26,20.0,1,UPI,35.0,Delivered,4.3,21,Sunday
101496,1330,Zomato,Hyderabad,Punjabi Tadka,North Indian,2025-05-23 12:21:00,413.67,49.0,0,UPI,28.5,Delivered,4.6,12,Friday
101602,1495,Zomato,Coimbatore,Oven Story,Pizza,2025-06-22 20:52:00,371.84,20.0,1,Debit Card,21.0,Delivered,5.0,20,Sunday
101429,1472,Zomato,Chennai,Biryani Zone,Biryani,2025-07-25 21:22:00,418.62,0.0,0,Cash on Delivery,,Cancelled,,21,Friday
101824,1463,Uber Eats,Hyderabad,Murugan Idli Shop,South Indian,2025-04-19 20:45:00,262.35,30.0,1,UPI,34.2,Delivered,4.5,20,Saturday
100815,1502,Zomato,Bengaluru,Theobroma,Desserts,2025-02-15 20:29:00,162.61,30.0,0,UPI,37.1,Delivered,4.9,20,Saturday
101377,1451,Zomato,Chennai,Burger King,Fast Food,2025-07-15 12:21:00,175.78,40.0,0,UPI,33.0,Delivered,4.6,12,Tuesday
101302,1419,Zomato,Coimbatore,Dosa Plaza,South Indian,2025-04-01 18:01:00,312.16,0.0,0,UPI,34.2,Delayed,4.0,18,Tuesday
100679,1561,Zomato,Chennai,Curry Leaf,North Indian,2025-06-20 10:22:00,301.14,20.0,0,Debit Card,29.6,Delivered,4.7,10,Friday
101093,1235,Swiggy,Chennai,Murugan Idli Shop,South Indian,2025-06-01 21:47:00,236.66,20.0,1,UPI,39.7,Delivered,4.6,21,Sunday
100080,1564,Swiggy,Bengaluru,Paradise Biryani,Biryani,2025-03-29 22:21:00,291.12,30.0,0,UPI,46.1,Delivered,4.7,22,Saturday
101774,1461,Zomato,Chennai,Saravana Bhavan,South Indian,2025-04-08 15:48:00,253.46,40.0,1,Cash on Delivery,29.5,Delivered,4.7,15,Tuesday
101355,1298,Zomato,Delhi,Dosa Plaza,South Indian,2025-05-15 20:43:00,254.07,30.0,1,UPI,30.7,Delivered,4.4,20,Thursday
101545,1354,Swiggy,Bengaluru,McDonald's,Fast Food,2025-05-11 16:30:00,246.59,0.0,1,UPI,45.0,Delivered,4.5,16,Sunday
100752,1051,Uber Eats,Hyderabad,Baskin Robbins,Desserts,2025-03-07 13:12:00,258.87,20.0,1,Cash on Delivery,29.7,Delivered,4.5,13,Friday
101330,1269,Zomato,Chennai,Tandoor Nights,North Indian,2025-02-09 21:21:00,418.88,0.0,1,Debit Card,32.5,Delivered,4.6,21,Sunday
101054,1045,Swiggy,Pune,Hyderabad House,Biryani,2025-05-28 21:48:00,222.38,20.0,1,Cash on Delivery,38.0,Delivered,4.6,21,Wednesday
100242,1056,Swiggy,Kolkata,Oven Story,Pizza,2025-02-13 14:14:00,558.89,40.0,1,Wallet,19.7,Delivered,4.7,14,Thursday
101352,1297,Swiggy,Mumbai,Sweet Truth,Desserts,2025-03-02 21:28:00,210.73,30.0,1,UPI,33.6,Delivered,4.4,21,Sunday
100641,1549,Swiggy,Chennai,Baskin Robbins,Desserts,2025-03-03 12:05:00,173.55,30.0,0,Wallet,29.6,Delivered,4.3,12,Monday
100696,1433,Swiggy,Bengaluru,Hyderabad House,Biryani,2025-05-23 18:47:00,414.89,40.0,1,UPI,46.0,Delivered,4.6,18,Friday
100209,1467,Swiggy,Chennai,Biryani Zone,Biryani,2025-03-09 22:50:00,481.59,20.0,0,Wallet,33.9,Delivered,5.0,22,Sunday
100770,1391,Zomato,Kolkata,McDonald's,Fast Food,2025-02-08 22:26:00,334.77,40.0,0,UPI,10.0,Delivered,4.8,22,Saturday
101768,1040,Zomato,Chennai,McDonald's,Fast Food,2025-03-10 09:49:00,261.64,49.0,0,Debit Card,32.9,Delivered,4.2,9,Monday
100435,1074,Uber Eats,Mumbai,Hyderabad House,Biryani,2025-07-11 14:51:00,278.21,30.0,1,Cash on Delivery,82.0,Delayed,3.8,14,Friday
101063,1423,Swiggy,Mumbai,Punjabi Tadka,North Indian,2025-05-31 23:47:00,397.43,30.0,0,Cash on Delivery,60.3,Delivered,3.9,23,Saturday
100974,1088,Swiggy,Chennai,Salad Days,Healthy Food,2025-05-06 11:25:00,237.4,30.0,1,UPI,24.5,Delivered,4.5,11,Tuesday
100551,1236,Swiggy,Mumbai,Chennai Biryani Hub,Biryani,2025-03-25 18:10:00,392.1,20.0,1,Debit Card,59.2,Delivered,4.1,18,Tuesday
100808,1234,Swiggy,Kolkata,Paradise Biryani,Biryani,2025-04-04 13:27:00,344.99,49.0,0,Wallet,41.2,Delivered,4.1,13,Friday
101957,1319,Swiggy,Bengaluru,Dosa Plaza,South Indian,2025-03-07 20:53:00,104.94,30.0,0,UPI,31.6,Delivered,4.7,20,Friday
101013,1188,Swiggy,Chennai,Chowman,Chinese,2025-06-07 18:56:00,391.04,30.0,0,UPI,37.7,Delivered,4.5,18,Saturday
101900,1320,Swiggy,Hyderabad,Curry Leaf,North Indian,2025-02-02 20:52:00,233.26,0.0,1,UPI,34.7,Delivered,4.6,20,Sunday
100466,1099,Swiggy,Mumbai,Theobroma,Desserts,2025-04-10 12:18:00,252.13,20.0,0,UPI,47.2,Delivered,4.1,12,Thursday
101487,1000,Zomato,Chennai,Chowman,Chinese,2025-02-12 13:24:00,259.8,40.0,1,Credit Card,27.0,Delivered,4.8,13,Wednesday
101317,1354,Zomato,Delhi,China Town,Chinese,2025-06-24 11:59:00,382.58,40.0,0,UPI,49.6,Delivered,4.2,11,Tuesday
100277,1469,Swiggy,Hyderabad,Wok This Way,Chinese,2025-05-12 20:43:00,377.04,40.0,0,Cash on Delivery,17.1,Delivered,5.0,20,Monday
101069,1006,Zomato,Chennai,Biryani Zone,Biryani,2025-03-10 17:36:00,380.49,20.0,0,UPI,30.8,Delivered,4.4,17,Monday
101017,1296,Swiggy,Hyderabad,KFC,Fast Food,2025-05-09 21:58:00,239.71,49.0,0,UPI,30.6,Delivered,4.8,21,Friday
101333,1484,Swiggy,Hyderabad,Curry Leaf,North Indian,2025-05-29 23:59:00,306.35,0.0,1,Debit Card,34.3,Delivered,4.0,23,Thursday
100722,1507,Zomato,Pune,Hyderabad House,Biryani,2025-07-25 23:27:00,375.84,30.0,0,Cash on Delivery,39.0,Delivered,4.1,23,Friday
101967,1281,Swiggy,Bengaluru,Chennai Biryani Hub,Biryani,2025-03-21 23:37:00,551.13,0.0,0,Debit Card,43.0,Delivered,4.0,23,Friday
100786,1019,Swiggy,Coimbatore,McDonald's,Fast Food,2025-02-25 23:07:00,333.16,20.0,1,Debit Card,34.8,Delivered,4.3,23,Tuesday
101558,1597,Zomato,Chennai,KFC,Fast Food,2025-07-19 11:11:00,334.45,40.0,1,Credit Card,34.6,Delivered,4.2,11,Saturday
101320,1068,Swiggy,Pune,La Pino'z,Pizza,2025-02-21 19:41:00,440.44,40.0,1,Cash on Delivery,16.4,Delivered,4.7,19,Friday
101381,1170,Swiggy,Bengaluru,McDonald's,Fast Food,2025-03-13 20:42:00,299.02,20.0,1,UPI,36.2,Delivered,4.6,20,Thursday
101549,1002,Swiggy,Bengaluru,Oven Story,Pizza,2025-03-18 19:10:00,437.91,20.0,1,UPI,40.4,Delivered,4.3,19,Tuesday
100906,1246,Swiggy,Pune,China Town,Chinese,2025-04-24 20:39:00,369.05,40.0,0,UPI,50.4,Delivered,4.1,20,Thursday
100563,1108,Uber Eats,Chennai,Paradise Biryani,Biryani,2025-06-17 13:45:00,232.82,30.0,1,UPI,38.0,Delivered,5.0,13,Tuesday
100388,1535,Uber Eats,Hyderabad,Dilli Darbar,North Indian,2025-02-09 12:06:00,275.4,0.0,0,UPI,41.6,Delivered,3.7,12,Sunday
100022,1109,Uber Eats,Hyderabad,Subway,Fast Food,2025-03-31 20:40:00,245.02,0.0,0,Wallet,31.1,Delivered,4.2,20,Monday
101233,1449,Uber Eats,Delhi,Pizza Hut,Pizza,2025-06-01 19:47:00,531.88,40.0,0,Wallet,34.1,Delivered,4.4,19,Sunday
100124,1513,Swiggy,Chennai,Sangeetha,South Indian,2025-03-03 22:13:00,238.72,0.0,0,Wallet,41.4,Delivered,4.5,22,Monday
101257,1333,Zomato,Hyderabad,Paradise Biryani,Biryani,2025-05-07 20:07:00,420.17,20.0,1,Wallet,37.7,Delivered,4.2,20,Wednesday
100773,1430,Uber Eats,Pune,Murugan Idli Shop,South Indian,2025-06-05 14:58:00,250.13,30.0,1,Cash on Delivery,34.1,Delivered,4.7,14,Thursday
100880,1051,Zomato,Delhi,Pizza Hut,Pizza,2025-03-11 15:08:00,386.06,0.0,1,Cash on Delivery,44.3,Delivered,4.5,15,Tuesday
101144,1198,Swiggy,Hyderabad,Murugan Idli Shop,South Indian,2025-04-19 19:50:00,113.79,20.0,0,UPI,24.1,Delivered,3.9,19,Saturday
101166,1013,Uber Eats,Chennai,Dosa Plaza,South Indian,2025-07-17 12:15:00,300.61,49.0,0,Debit Card,21.8,Delivered,4.7,12,Thursday
100050,1455,Zomato,Kolkata,Domino's,Pizza,2025-02-11 19:53:00,317.34,30.0,1,UPI,47.6,Delivered,4.7,19,Tuesday
101588,1517,Zomato,Mumbai,Subway,Fast Food,2025-03-22 19:49:00,257.88,40.0,0,Cash on Delivery,39.6,Delivered,4.6,19,Saturday
101469,1036,Swiggy,Bengaluru,Subway,Fast Food,2025-03-23 19:58:00,410.75,40.0,1,UPI,35.1,Delivered,4.2,19,Sunday
101105,1108,Zomato,Chennai,Green Bowl,Healthy Food,2025-04-20 16:00:00,318.64,20.0,1,Cash on Delivery,23.9,Delivered,4.2,16,Sunday
100703,1102,Zomato,Delhi,Baskin Robbins,Desserts,2025-05-10 21:49:00,177.96,30.0,0,UPI,32.2,Delivered,4.6,21,Saturday
100482,1150,Zomato,Pune,Punjabi Tadka,North Indian,2025-03-29 19:14:00,377.24,49.0,0,Cash on Delivery,57.1,Delivered,4.4,19,Saturday
101145,1289,Uber Eats,Bengaluru,China Town,Chinese,2025-03-23 12:33:00,301.58,20.0,1,Debit Card,45.8,Delivered,5.0,12,Sunday
101925,1079,Zomato,Bengaluru,Hyderabad House,Biryani,2025-02-19 21:08:00,332.21,40.0,1,Wallet,39.4,Delivered,4.2,21,Wednesday
100066,1543,Swiggy,Hyderabad,Mainland China,Chinese,2025-05-15 16:05:00,320.53,0.0,1,UPI,25.4,Delivered,5.0,16,Thursday
101734,1516,Swiggy,Kolkata,Chennai Biryani Hub,Biryani,2025-03-12 19:32:00,395.01,20.0,1,UPI,28.3,Delivered,4.7,19,Wednesday
100733,1464,Swiggy,Mumbai,Chaayos,Beverages,2025-02-07 19:47:00,115.6,0.0,1,Credit Card,63.6,Delayed,4.1,19,Friday
101798,1287,Zomato,Pune,Dosa Plaza,South Indian,2025-06-17 14:46:00,286.77,49.0,0,UPI,50.8,Delivered,4.3,14,Tuesday
100801,1181,Zomato,Chennai,Murugan Idli Shop,South Indian,2025-02-22 13:36:00,202.36,20.0,0,UPI,38.3,Delivered,4.4,13,Saturday
101559,1513,Swiggy,Delhi,Oven Story,Pizza,2025-02-11 20:02:00,504.94,20.0,1,Debit Card,38.8,Delivered,4.7,20,Tuesday
101481,1000,Swiggy,Mumbai,Tandoor Nights,North Indian,2025-06-07 21:38:00,372.64,40.0,0,UPI,47.7,Delivered,3.9,21,Saturday
100907,1103,Swiggy,Kolkata,Wok This Way,Chinese,2025-03-12 10:55:00,258.71,20.0,0,Cash on Delivery,25.0,Delivered,4.9,10,Wednesday
100031,1136,Zomato,Chennai,Subway,Fast Food,2025-02-22 12:30:00,357.91,0.0,1,UPI,31.5,Delivered,4.3,12,Saturday
100417,1073,Zomato,Delhi,FreshMenu,Healthy Food,2025-05-21 19:31:00,321.42,20.0,1,Wallet,33.8,Delivered,4.2,19,Wednesday
100632,1260,Zomato,Mumbai,Curry Leaf,North Indian,2025-05-16 15:29:00,316.46,20.0,1,UPI,88.5,Delayed,3.5,15,Friday
101574,1089,Zomato,Pune,Curry Leaf,North Indian,2025-07-14 12:56:00,471.71,0.0,0,UPI,45.4,Delivered,4.6,12,Monday
101450,1176,Zomato,Pune,La Pino'z,Pizza,2025-03-10 14:47:00,659.88,20.0,1,Wallet,37.5,Delivered,4.9,14,Monday
100064,1246,Swiggy,Bengaluru,Chai Point,Beverages,2025-02-26 12:00:00,122.03,40.0,0,Wallet,57.7,Delivered,3.9,12,Wednesday
101634,1249,Zomato,Mumbai,Sweet Truth,Desserts,2025-02-19 18:38:00,194.16,0.0,0,Debit Card,46.9,Delivered,4.3,18,Wednesday
101619,1595,Uber Eats,Hyderabad,Domino's,Pizza,2025-07-16 18:22:00,439.07,20.0,1,Cash on Delivery,23.6,Delivered,4.9,18,Wednesday
100077,1136,Zomato,Mumbai,Chennai Biryani Hub,Biryani,2025-05-03 13:13:00,402.16,0.0,1,UPI,27.4,Delivered,4.9,13,Saturday
100491,1520,Zomato,Chennai,Chowman,Chinese,2025-05-31 13:19:00,359.72,30.0,0,Wallet,37.8,Delivered,4.2,13,Saturday
101421,1596,Swiggy,Chennai,Saravana Bhavan,South Indian,2025-06-10 19:23:00,181.23,30.0,1,UPI,27.6,Delivered,4.2,19,Tuesday
101537,1066,Swiggy,Pune,Dosa Plaza,South Indian,2025-06-17 21:45:00,213.85,20.0,1,UPI,40.8,Delivered,4.0,21,Tuesday
100532,1093,Zomato,Hyderabad,Dosa Plaza,South Indian,2025-07-29 11:42:00,174.25,30.0,1,UPI,24.2,Delivered,4.7,11,Tuesday
100065,1195,Uber Eats,Hyderabad,Sangeetha,South Indian,2025-03-22 19:06:00,231.8,49.0,1,UPI,,Cancelled,,19,Saturday
101703,1119,Zomato,Bengaluru,Chennai Biryani Hub,Biryani,2025-04-03 23:28:00,292.94,0.0,1,UPI,23.7,Delivered,4.7,23,Thursday
100296,1509,Swiggy,Delhi,Coastal Feast,Seafood,2025-02-28 13:11:00,652.29,0.0,1,Debit Card,57.9,Delivered,3.8,13,Friday
100591,1541,Swiggy,Bengaluru,Cream Stone,Desserts,2025-04-20 13:50:00,186.73,20.0,1,UPI,27.2,Delivered,4.8,13,Sunday
100767,1287,Swiggy,Bengaluru,Sangeetha,South Indian,2025-04-04 14:03:00,203.33,20.0,1,Wallet,35.6,Delivered,4.5,14,Friday
100724,1471,Zomato,Pune,KFC,Fast Food,2025-07-05 11:18:00,330.45,49.0,0,Credit Card,65.7,Delayed,3.4,11,Saturday
101436,1256,Zomato,Pune,Dosa Plaza,South Indian,2025-02-14 21:12:00,144.59,49.0,0,UPI,40.4,Delivered,4.7,21,Friday
100626,1202,Swiggy,Kolkata,Theobroma,Desserts,2025-07-02 19:57:00,195.34,40.0,1,UPI,35.6,Delivered,4.7,19,Wednesday
101419,1285,Uber Eats,Hyderabad,Wok This Way,Chinese,2025-02-06 11:47:00,420.54,20.0,0,Wallet,61.3,Delayed,3.9,11,Thursday
101961,1593,Uber Eats,Chennai,Biryani Zone,Biryani,2025-02-22 19:47:00,411.82,0.0,0,Credit Card,32.6,Delivered,4.2,19,Saturday
101212,1276,Uber Eats,Hyderabad,Tandoor Nights,North Indian,2025-03-03 23:06:00,339.74,20.0,0,UPI,30.2,Delivered,3.9,23,Monday
101624,1332,Zomato,Chennai,Hyderabad House,Biryani,2025-02-27 13:22:00,167.17,20.0,1,Cash on Delivery,37.6,Delivered,4.0,13,Thursday
100251,1296,Swiggy,Mumbai,Chennai Biryani Hub,Biryani,2025-05-27 21:54:00,240.51,40.0,0,UPI,54.8,Delayed,4.2,21,Tuesday
101833,1043,Zomato,Delhi,Salad Days,Healthy Food,2025-07-27 12:48:00,273.59,40.0,0,Debit Card,35.0,Delivered,4.2,12,Sunday
101625,1595,Swiggy,Mumbai,Third Wave Coffee,Beverages,2025-06-17 13:23:00,91.74,0.0,0,Debit Card,20.4,Delivered,5.0,13,Tuesday
101917,1294,Zomato,Mumbai,China Town,Chinese,2025-06-21 20:14:00,395.19,20.0,0,UPI,43.8,Delivered,3.8,20,Saturday
100982,1328,Zomato,Mumbai,Burger King,Fast Food,2025-03-03 12:18:00,220.55,0.0,0,Unknown,45.3,Delivered,4.0,12,Monday
101903,1149,Uber Eats,Pune,Oven Story,Pizza,2025-07-02 23:15:00,573.48,20.0,1,Credit Card,35.3,Delivered,4.8,23,Wednesday
100706,1004,Swiggy,Bengaluru,Third Wave Coffee,Beverages,2025-04-12 17:45:00,176.71,0.0,0,UPI,70.3,Delayed,4.3,17,Saturday
100487,1318,Zomato,Delhi,Chennai Biryani Hub,Biryani,2025-04-03 09:28:00,174.77,30.0,1,UPI,52.5,Delivered,4.2,9,Thursday
100273,1575,Zomato,Delhi,McDonald's,Fast Food,2025-05-12 19:10:00,284.29,20.0,0,Cash on Delivery,53.0,Delivered,4.0,19,Monday
101517,1029,Swiggy,Bengaluru,Mainland China,Chinese,2025-03-27 20:08:00,433.43,49.0,1,UPI,21.3,Delivered,5.0,20,Thursday
101682,1021,Swiggy,Delhi,Saravana Bhavan,South Indian,2025-03-24 20:35:00,270.61,40.0,1,Wallet,44.1,Delivered,4.7,20,Monday
100963,1130,Swiggy,Bengaluru,La Pino'z,Pizza,2025-03-20 20:00:00,643.84,49.0,1,Credit Card,43.2,Delivered,3.9,20,Thursday
100877,1447,Swiggy,Coimbatore,Paradise Biryani,Biryani,2025-02-27 13:41:00,369.58,20.0,1,Debit Card,36.2,Delivered,4.8,13,Thursday
101413,1475,Zomato,Chennai,FreshMenu,Healthy Food,2025-02-28 21:44:00,155.7,30.0,1,Wallet,34.0,Delivered,4.5,21,Friday
101826,1063,Zomato,Chennai,Biryani Zone,Biryani,2025-05-05 20:51:00,226.88,0.0,1,Wallet,36.9,Delivered,4.2,20,Monday
100411,1137,Uber Eats,Chennai,Sweet Truth,Desserts,2025-02-01 19:48:00,159.6,20.0,1,Credit Card,30.0,Delivered,4.3,19,Saturday
100667,1516,Swiggy,Chennai,Third Wave Coffee,Beverages,2025-07-24 22:49:00,144.65,30.0,1,Debit Card,31.4,Delivered,4.7,22,Thursday
101262,1266,Zomato,Bengaluru,Hyderabad House,Biryani,2025-02-12 20:14:00,362.72,20.0,1,Debit Card,28.7,Delivered,5.0,20,Wednesday
100149,1034,Uber Eats,Chennai,La Pino'z,Pizza,2025-06-09 16:47:00,393.36,0.0,1,UPI,35.4,Delivered,4.8,16,Monday
100644,1462,Swiggy,Chennai,Mainland China,Chinese,2025-05-14 15:53:00,316.25,40.0,0,UPI,38.1,Delivered,4.1,15,Wednesday
101617,1304,Zomato,Mumbai,Subway,Fast Food,2025-06-22 20:22:00,238.68,20.0,0,UPI,39.0,Delivered,5.0,20,Sunday
100218,1268,Zomato,Bengaluru,Pizza Hut,Pizza,2025-03-14 20:05:00,419.65,20.0,1,UPI,43.6,Delivered,4.7,20,Friday
100239,1376,Swiggy,Bengaluru,Murugan Idli Shop,South Indian,2025-06-16 22:32:00,269.29,20.0,0,UPI,47.9,Delivered,3.9,22,Monday
101131,1402,Zomato,Mumbai,Chowman,Chinese,2025-06-11 20:40:00,390.34,30.0,0,Cash on Delivery,41.5,Delivered,4.8,20,Wednesday
101216,1304,Swiggy,Delhi,Saravana Bhavan,South Indian,2025-04-08 19:23:00,159.34,40.0,1,Wallet,,Cancelled,,19,Tuesday
100792,1433,Swiggy,Chennai,Biryani Zone,Biryani,2025-04-28 14:05:00,198.89,40.0,1,UPI,36.4,Delivered,4.3,14,Monday
100191,1378,Swiggy,Chennai,Mainland China,Chinese,2025-03-30 20:18:00,399.98,20.0,0,Wallet,38.6,Delivered,4.6,20,Sunday
100333,1497,Uber Eats,Bengaluru,Hyderabad House,Biryani,2025-06-01 19:07:00,217.65,0.0,0,Credit Card,46.6,Delivered,4.9,19,Sunday
101332,1254,Zomato,Chennai,Dosa Plaza,South Indian,2025-06-04 18:44:00,241.52,0.0,0,UPI,31.9,Delivered,4.6,18,Wednesday
101353,1549,Zomato,Chennai,Dilli Darbar,North Indian,2025-02-15 11:18:00,337.15,30.0,1,Cash on Delivery,37.8,Delivered,4.6,11,Saturday
100962,1504,Zomato,Delhi,Saravana Bhavan,South Indian,2025-06-03 19:36:00,268.12,40.0,0,Debit Card,62.9,Delayed,3.9,19,Tuesday
101331,1430,Swiggy,Kolkata,Green Bowl,Healthy Food,2025-03-14 21:05:00,385.95,0.0,1,UPI,67.6,Delayed,4.1,21,Friday
101965,1444,Zomato,Chennai,Dosa Plaza,South Indian,2025-07-02 18:53:00,275.0,30.0,1,UPI,16.8,Delivered,4.9,18,Wednesday
101766,1302,Swiggy,Mumbai,KFC,Fast Food,2025-03-02 13:56:00,195.78,20.0,1,UPI,41.2,Delivered,4.3,13,Sunday
101744,1126,Swiggy,Chennai,Chennai Biryani Hub,Biryani,2025-07-03 16:26:00,291.65,40.0,1,Cash on Delivery,10.5,Delivered,5.0,16,Thursday
100582,1064,Swiggy,Hyderabad,Domino's,Pizza,2025-05-05 13:22:00,673.15,49.0,0,Credit Card,49.5,Delivered,4.2,13,Monday
101923,1260,Zomato,Pune,Saravana Bhavan,South Indian,2025-02-01 09:20:00,273.8,30.0,1,UPI,33.1,Delivered,4.2,9,Saturday
101445,1021,Zomato,Hyderabad,Paradise Biryani,Biryani,2025-03-18 11:27:00,274.16,20.0,0,UPI,30.2,Delivered,5.0,11,Tuesday
100839,1546,Zomato,Bengaluru,Paradise Biryani,Biryani,2025-06-23 20:26:00,237.54,30.0,1,Debit Card,26.8,Delivered,4.9,20,Monday
100627,1220,Swiggy,Delhi,Theobroma,Desserts,2025-06-26 20:07:00,187.35,0.0,1,Wallet,27.5,Delivered,5.0,20,Thursday
100323,1549,Zomato,Pune,Biryani Zone,Biryani,2025-03-11 11:57:00,310.02,40.0,0,Wallet,41.0,Delivered,4.8,11,Tuesday
101927,1075,Zomato,Hyderabad,Third Wave Coffee,Beverages,2025-03-07 13:20:00,186.19,49.0,0,UPI,45.4,Delivered,4.3,13,Friday
101160,1349,Swiggy,Hyderabad,China Town,Chinese,2025-07-28 13:57:00,295.85,0.0,1,UPI,19.7,Delivered,4.7,13,Monday
100778,1162,Swiggy,Delhi,Sweet Truth,Desserts,2025-06-25 08:59:00,175.9,20.0,0,Wallet,55.8,Delivered,4.0,8,Wednesday
101076,1426,Uber Eats,Mumbai,China Town,Chinese,2025-06-22 13:43:00,235.89,30.0,0,Cash on Delivery,53.0,Delivered,4.6,13,Sunday
100939,1305,Swiggy,Chennai,KFC,Fast Food,2025-05-13 19:47:00,330.81,20.0,0,Wallet,,Cancelled,,19,Tuesday
100437,1556,Zomato,Bengaluru,Pizza Hut,Pizza,2025-03-28 18:01:00,219.23,40.0,1,Cash on Delivery,,Cancelled,,18,Friday
100119,1068,Uber Eats,Bengaluru,Saravana Bhavan,South Indian,2025-05-29 14:55:00,297.15,20.0,1,Cash on Delivery,33.5,Delivered,4.3,14,Thursday
101470,1538,Swiggy,Kolkata,Tandoor Nights,North Indian,2025-06-28 17:58:00,506.88,40.0,1,Debit Card,42.2,Delivered,4.6,17,Saturday
101575,1191,Zomato,Chennai,Chowman,Chinese,2025-02-15 19:19:00,273.65,40.0,0,Credit Card,35.3,Delivered,4.5,19,Saturday
101026,1046,Zomato,Mumbai,Hyderabad House,Biryani,2025-07-10 15:39:00,401.59,40.0,0,Cash on Delivery,38.2,Delivered,4.6,15,Thursday
101253,1476,Zomato,Hyderabad,Curry Leaf,North Indian,2025-03-31 11:36:00,426.07,20.0,0,Cash on Delivery,38.7,Delivered,4.4,11,Monday
101389,1545,Swiggy,Mumbai,Domino's,Pizza,2025-03-14 12:01:00,562.01,20.0,1,UPI,25.0,Delivered,5.0,12,Friday
100076,1198,Zomato,Bengaluru,Dilli Darbar,North Indian,2025-02-27 20:42:00,437.92,30.0,1,UPI,57.1,Delivered,4.5,20,Thursday
101053,1575,Zomato,Hyderabad,La Pino'z,Pizza,2025-05-10 12:12:00,441.06,49.0,0,Cash on Delivery,23.8,Delivered,4.6,12,Saturday
100900,1002,Zomato,Chennai,KFC,Fast Food,2025-07-12 13:59:00,193.64,0.0,1,UPI,32.2,Delivered,4.9,13,Saturday
100371,1396,Uber Eats,Chennai,Coastal Feast,Seafood,2025-06-18 21:33:00,537.76,40.0,0,Credit Card,45.2,Delivered,4.4,21,Wednesday
101877,1537,Swiggy,Delhi,Domino's,Pizza,2025-02-20 07:40:00,395.42,20.0,1,Wallet,48.3,Delivered,3.9,7,Thursday
101830,1212,Swiggy,Mumbai,Dosa Plaza,South Indian,2025-02-01 15:19:00,234.0,20.0,0,Cash on Delivery,35.8,Delivered,4.6,15,Saturday
101992,1172,Swiggy,Delhi,Chai Point,Beverages,2025-06-06 19:13:00,150.88,20.0,1,UPI,43.1,Delivered,4.2,19,Friday
100941,1242,Zomato,Chennai,Sangeetha,South Indian,2025-06-30 18:49:00,223.485,20.0,1,UPI,,Cancelled,,18,Monday
100577,1314,Zomato,Bengaluru,Wok This Way,Chinese,2025-04-12 13:34:00,267.51,30.0,1,UPI,38.0,Delivered,4.6,13,Saturday
100819,1599,Zomato,Pune,Punjabi Tadka,North Indian,2025-06-02 19:25:00,130.94,40.0,1,Wallet,38.1,Delivered,4.4,19,Monday
101479,1249,Uber Eats,Coimbatore,Dilli Darbar,North Indian,2025-04-18 12:14:00,434.5,20.0,0,Debit Card,28.8,Delivered,4.4,12,Friday
101532,1559,Zomato,Mumbai,Chowman,Chinese,2025-06-18 18:56:00,359.08,40.0,0,Wallet,23.8,Delivered,4.6,18,Wednesday
101746,1592,Swiggy,Hyderabad,Dosa Plaza,South Indian,2025-02-03 11:47:00,136.43,40.0,0,Debit Card,44.9,Delivered,4.8,11,Monday
101390,1183,Zomato,Chennai,Biryani Zone,Biryani,2025-02-14 15:29:00,394.46,30.0,1,Debit Card,26.6,Delivered,4.6,15,Friday
100886,1031,Swiggy,Coimbatore,Oven Story,Pizza,2025-06-22 11:08:00,514.99,40.0,0,UPI,29.8,Delivered,4.2,11,Sunday
100968,1552,Zomato,Hyderabad,Mainland China,Chinese,2025-05-17 19:14:00,191.48,30.0,1,Wallet,41.1,Delivered,3.9,19,Saturday
101609,1075,Swiggy,Coimbatore,Paradise Biryani,Biryani,2025-02-22 19:48:00,331.94,40.0,0,UPI,30.7,Delivered,4.3,19,Saturday
100785,1352,Zomato,Kolkata,Baskin Robbins,Desserts,2025-04-16 20:28:00,152.95,40.0,0,UPI,60.6,Delivered,4.5,20,Wednesday
101553,1371,Uber Eats,Delhi,Paradise Biryani,Biryani,2025-05-19 12:09:00,370.78,40.0,0,UPI,45.1,Delivered,4.1,12,Monday
101834,1246,Zomato,Bengaluru,Tandoor Nights,North Indian,2025-05-10 23:30:00,501.88,40.0,1,Cash on Delivery,49.4,Delivered,4.0,23,Saturday
101621,1002,Uber Eats,Kolkata,Domino's,Pizza,2025-04-10 18:09:00,334.29,49.0,0,Cash on Delivery,51.1,Delivered,4.1,18,Thursday
100301,1495,Zomato,Bengaluru,Murugan Idli Shop,South Indian,2025-07-06 08:50:00,321.59,40.0,0,UPI,57.9,Delivered,3.9,8,Sunday
100689,1469,Swiggy,Bengaluru,Chai Point,Beverages,2025-06-09 20:47:00,146.81,30.0,0,Cash on Delivery,57.2,Delayed,4.0,20,Monday
100812,1410,Zomato,Mumbai,China Town,Chinese,2025-07-05 12:38:00,260.3,40.0,0,Credit Card,51.0,Delivered,3.7,12,Saturday
101061,1412,Swiggy,Delhi,Punjabi Tadka,North Indian,2025-04-13 13:46:00,302.79,40.0,1,Wallet,44.4,Delivered,4.1,13,Sunday
100236,1397,Swiggy,Coimbatore,Chennai Biryani Hub,Biryani,2025-03-26 13:12:00,289.75,40.0,0,Wallet,23.6,Delivered,5.0,13,Wednesday
101115,1294,Uber Eats,Bengaluru,Sweet Truth,Desserts,2025-06-26 13:43:00,187.25,20.0,1,Cash on Delivery,49.2,Delivered,4.3,13,Thursday
101405,1093,Swiggy,Mumbai,Theobroma,Desserts,2025-07-06 22:32:00,278.9,30.0,1,Debit Card,52.6,Delivered,4.4,22,Sunday
100499,1255,Zomato,Pune,Oven Story,Pizza,2025-03-23 21:03:00,330.2,40.0,0,Unknown,27.8,Delivered,5.0,21,Sunday
101681,1007,Zomato,Chennai,Subway,Fast Food,2025-03-11 16:18:00,249.23,30.0,1,UPI,39.6,Delivered,4.8,16,Tuesday
101079,1501,Swiggy,Hyderabad,Burger King,Fast Food,2025-04-16 20:39:00,268.29,40.0,1,UPI,22.5,Delivered,4.5,20,Wednesday
101326,1407,Swiggy,Chennai,KFC,Fast Food,2025-07-14 10:45:00,149.67,30.0,0,Credit Card,38.2,Delivered,4.3,10,Monday
100794,1258,Uber Eats,Mumbai,Theobroma,Desserts,2025-05-24 20:31:00,190.33,20.0,0,Credit Card,43.8,Delivered,4.4,20,Saturday
101938,1575,Swiggy,Mumbai,Biryani Zone,Biryani,2025-02-13 23:49:00,390.68,0.0,1,Cash on Delivery,51.9,Delivered,3.7,23,Thursday
101542,1053,Swiggy,Coimbatore,Chaayos,Beverages,2025-04-07 08:49:00,160.43,0.0,1,UPI,23.8,Delivered,4.8,8,Monday
101946,1094,Swiggy,Mumbai,Theobroma,Desserts,2025-02-11 18:03:00,189.05,49.0,0,Cash on Delivery,29.7,Delivered,4.6,18,Tuesday
100990,1205,Swiggy,Coimbatore,Hyderabad House,Biryani,2025-06-05 21:29:00,258.49,40.0,1,Wallet,20.2,Delivered,5.0,21,Thursday
101382,1208,Swiggy,Bengaluru,China Town,Chinese,2025-02-01 21:21:00,375.46,30.0,1,Credit Card,35.4,Delivered,4.4,21,Saturday
100934,1265,Zomato,Hyderabad,Domino's,Pizza,2025-03-02 20:25:00,466.53,30.0,0,Cash on Delivery,41.0,Delivered,4.6,20,Sunday
100387,1498,Swiggy,Kolkata,Biryani Zone,Biryani,2025-07-22 13:30:00,307.37,0.0,0,Credit Card,49.4,Delivered,4.1,13,Tuesday
101480,1090,Zomato,Hyderabad,Theobroma,Desserts,2025-03-13 21:25:00,217.7,30.0,1,Wallet,17.9,Delivered,4.9,21,Thursday
100390,1448,Uber Eats,Chennai,Saravana Bhavan,South Indian,2025-07-04 10:50:00,256.05,20.0,1,Debit Card,32.8,Delivered,4.7,10,Friday
100743,1162,Uber Eats,Hyderabad,Starbucks,Beverages,2025-03-02 19:15:00,177.51,30.0,0,Cash on Delivery,35.3,Delivered,4.4,19,Sunday
100352,1179,Swiggy,Chennai,Mainland China,Chinese,2025-02-24 12:50:00,286.64,0.0,0,Cash on Delivery,39.6,Delivered,4.7,12,Monday
101217,1439,Uber Eats,Chennai,Mainland China,Chinese,2025-05-09 19:12:00,253.8,40.0,0,Wallet,44.7,Delivered,3.7,19,Friday
100235,1431,Swiggy,Chennai,Wok This Way,Chinese,2025-02-22 17:00:00,200.2,40.0,1,UPI,45.1,Delivered,4.1,17,Saturday
101720,1053,Zomato,Hyderabad,Curry Leaf,North Indian,2025-05-31 20:54:00,374.4,0.0,1,Cash on Delivery,51.3,Delivered,4.0,20,Saturday
100480,1172,Swiggy,Hyderabad,Chennai Biryani Hub,Biryani,2025-02-08 13:29:00,442.28,30.0,1,UPI,64.6,Delayed,4.1,13,Saturday
100567,1149,Swiggy,Hyderabad,Paradise Biryani,Biryani,2025-04-13 20:07:00,455.65,30.0,0,Credit Card,31.7,Delivered,4.9,20,Sunday
101140,1528,Uber Eats,Bengaluru,Paradise Biryani,Biryani,2025-06-22 11:27:00,392.61,20.0,1,UPI,36.9,Delivered,4.4,11,Sunday
101695,1409,Swiggy,Mumbai,Pizza Hut,Pizza,2025-03-02 18:23:00,352.0,0.0,0,UPI,46.2,Delivered,4.2,18,Sunday
101878,1436,Zomato,Bengaluru,China Town,Chinese,2025-02-11 11:49:00,265.95,40.0,1,UPI,50.7,Delivered,4.2,11,Tuesday
101578,1067,Swiggy,Hyderabad,Salad Days,Healthy Food,2025-02-06 23:09:00,332.54,40.0,0,UPI,26.9,Delivered,4.7,23,Thursday
100120,1263,Zomato,Chennai,Mainland China,Chinese,2025-07-01 21:30:00,473.22,20.0,0,UPI,40.5,Delivered,4.2,21,Tuesday
101741,1446,Zomato,Bengaluru,Punjabi Tadka,North Indian,2025-05-24 13:28:00,271.33,30.0,0,UPI,49.3,Delivered,4.5,13,Saturday
101024,1493,Zomato,Pune,Burger King,Fast Food,2025-06-16 17:43:00,384.06,30.0,0,Cash on Delivery,35.6,Delivered,4.3,17,Monday
101086,1480,Swiggy,Hyderabad,Saravana Bhavan,South Indian,2025-03-08 09:08:00,206.28,20.0,0,UPI,41.5,Delivered,4.3,9,Saturday
101272,1558,Zomato,Pune,Murugan Idli Shop,South Indian,2025-07-14 20:18:00,191.74,20.0,0,Wallet,71.4,Delayed,3.9,20,Monday
100926,1324,Swiggy,Hyderabad,KFC,Fast Food,2025-07-25 19:05:00,257.13,40.0,0,Cash on Delivery,40.2,Delivered,4.9,19,Friday
100515,1063,Swiggy,Delhi,Bay Bites,Seafood,2025-06-21 14:25:00,493.29,40.0,1,Credit Card,47.9,Delivered,4.0,14,Saturday
100223,1121,Zomato,Delhi,Hyderabad House,Biryani,2025-07-30 13:25:00,147.38,40.0,0,Wallet,43.6,Delivered,4.8,13,Wednesday
101488,1066,Swiggy,Bengaluru,Paradise Biryani,Biryani,2025-03-13 16:39:00,419.79,0.0,0,Wallet,37.6,Delivered,4.5,16,Thursday
100613,1231,Swiggy,Kolkata,China Town,Chinese,2025-03-18 20:02:00,457.7,40.0,1,UPI,27.9,Delivered,4.5,20,Tuesday
100843,1021,Uber Eats,Mumbai,Sangeetha,South Indian,2025-05-21 20:02:00,274.38,20.0,0,Credit Card,44.0,Delivered,4.6,20,Wednesday
101245,1591,Swiggy,Bengaluru,Paradise Biryani,Biryani,2025-02-07 22:46:00,420.86,40.0,1,Credit Card,36.5,Delivered,4.5,22,Friday
100052,1218,Swiggy,Mumbai,Saravana Bhavan,South Indian,2025-07-12 14:31:00,230.78,0.0,1,Wallet,29.3,Delivered,4.4,14,Saturday
101857,1350,Swiggy,Mumbai,Domino's,Pizza,2025-05-27 11:33:00,615.68,40.0,1,Debit Card,30.5,Delivered,4.5,11,Tuesday
100485,1139,Swiggy,Delhi,Third Wave Coffee,Beverages,2025-05-20 13:07:00,201.78,20.0,1,Cash on Delivery,57.6,Delivered,3.6,13,Tuesday
101929,1571,Zomato,Bengaluru,FreshMenu,Healthy Food,2025-05-29 11:14:00,297.42,20.0,0,Credit Card,32.0,Delivered,5.0,11,Thursday
100818,1399,Zomato,Delhi,Tandoor Nights,North Indian,2025-07-26 11:20:00,431.72,0.0,1,Cash on Delivery,26.0,Delivered,4.7,11,Saturday
100155,1397,Swiggy,Bengaluru,Chennai Biryani Hub,Biryani,2025-06-05 19:56:00,364.63,40.0,0,Wallet,24.4,Delivered,4.5,19,Thursday
101366,1181,Swiggy,Hyderabad,Tandoor Nights,North Indian,2025-05-02 18:17:00,584.42,0.0,1,Debit Card,26.7,Delivered,5.0,18,Friday
100600,1369,Uber Eats,Bengaluru,Sangeetha,South Indian,2025-06-21 17:11:00,281.05,49.0,0,Credit Card,43.7,Delivered,4.2,17,Saturday
101615,1103,Zomato,Bengaluru,Biryani Zone,Biryani,2025-02-16 09:49:00,268.82,49.0,1,UPI,24.0,Delivered,4.8,9,Sunday
100248,1472,Uber Eats,Pune,Paradise Biryani,Biryani,2025-02-21 15:05:00,407.46,20.0,1,UPI,41.4,Delivered,4.6,15,Friday
100761,1331,Swiggy,Bengaluru,Chai Point,Beverages,2025-03-14 17:57:00,121.41,49.0,0,UPI,59.6,Delivered,4.4,17,Friday
101841,1058,Swiggy,Hyderabad,Fish Land,Seafood,2025-03-22 19:26:00,386.81,49.0,1,UPI,25.9,Delivered,4.8,19,Saturday
101130,1244,Swiggy,Delhi,La Pino'z,Pizza,2025-04-14 21:31:00,540.07,0.0,1,UPI,24.2,Delivered,4.7,21,Monday
100542,1116,Swiggy,Kolkata,Murugan Idli Shop,South Indian,2025-04-27 22:39:00,184.7,0.0,0,UPI,51.5,Delivered,4.3,22,Sunday
100793,1495,Zomato,Chennai,Biryani Zone,Biryani,2025-03-24 22:36:00,345.66,20.0,1,Cash on Delivery,68.5,Delayed,4.3,22,Monday
101141,1203,Swiggy,Hyderabad,Hyderabad House,Biryani,2025-03-22 12:36:00,241.51,0.0,0,Wallet,22.6,Delivered,5.0,12,Saturday
101466,1381,Zomato,Chennai,Oven Story,Pizza,2025-05-05 20:17:00,492.9,40.0,0,UPI,25.8,Delivered,4.9,20,Monday
100628,1303,Swiggy,Mumbai,Biryani Zone,Biryani,2025-05-03 10:02:00,183.16,20.0,0,UPI,30.5,Delivered,4.4,10,Saturday
100150,1513,Swiggy,Chennai,Mainland China,Chinese,2025-02-04 19:47:00,395.95,40.0,0,Credit Card,34.7,Delivered,4.0,19,Tuesday
101654,1093,Zomato,Hyderabad,Saravana Bhavan,South Indian,2025-06-11 13:17:00,171.67,20.0,0,Wallet,23.4,Delivered,4.9,13,Wednesday
100291,1160,Zomato,Delhi,Tandoor Nights,North Indian,2025-07-25 13:14:00,522.18,20.0,1,Wallet,34.1,Delivered,4.2,13,Friday
100381,1562,Swiggy,Pune,Wok This Way,Chinese,2025-05-09 13:32:00,441.01,40.0,1,Credit Card,27.7,Delivered,4.6,13,Friday
100686,1244,Zomato,Bengaluru,Paradise Biryani,Biryani,2025-04-16 21:55:00,326.21,0.0,1,Cash on Delivery,58.5,Delivered,3.9,21,Wednesday
101367,1271,Swiggy,Mumbai,La Pino'z,Pizza,2025-07-13 19:27:00,501.37,30.0,0,Cash on Delivery,53.5,Delivered,4.2,19,Sunday
101224,1250,Uber Eats,Chennai,Sangeetha,South Indian,2025-04-21 22:55:00,296.3,40.0,1,UPI,27.3,Delivered,4.5,22,Monday
100897,1032,Swiggy,Hyderabad,Burger King,Fast Food,2025-02-09 17:32:00,318.84,20.0,1,UPI,33.4,Delivered,4.2,17,Sunday
100854,1172,Zomato,Mumbai,Hyderabad House,Biryani,2025-03-16 13:53:00,339.02,40.0,0,Credit Card,,Cancelled,,13,Sunday
101071,1125,Swiggy,Mumbai,Chennai Biryani Hub,Biryani,2025-02-12 18:26:00,256.79,0.0,1,UPI,57.5,Delivered,3.8,18,Wednesday
101539,1372,Zomato,Bengaluru,Theobroma,Desserts,2025-07-19 11:46:00,153.67,0.0,0,UPI,59.1,Delivered,3.9,11,Saturday
101701,1107,Zomato,Hyderabad,Wok This Way,Chinese,2025-05-14 17:05:00,286.75,20.0,1,UPI,32.3,Delivered,4.8,17,Wednesday
100891,1425,Zomato,Mumbai,Murugan Idli Shop,South Indian,2025-05-18 22:44:00,221.35,0.0,0,Debit Card,50.6,Delivered,4.0,22,Sunday
101770,1202,Swiggy,Mumbai,Tandoor Nights,North Indian,2025-05-30 14:59:00,405.21,49.0,1,UPI,64.3,Delivered,4.1,14,Friday
101364,1332,Zomato,Delhi,KFC,Fast Food,2025-04-04 14:33:00,158.12,20.0,0,Cash on Delivery,48.4,Delivered,4.5,14,Friday
100615,1383,Swiggy,Delhi,La Pino'z,Pizza,2025-04-05 19:06:00,362.85,20.0,1,Debit Card,30.6,Delivered,4.5,19,Saturday
100154,1260,Zomato,Chennai,Biryani Zone,Biryani,2025-04-22 12:30:00,347.8,20.0,1,Debit Card,41.8,Delivered,4.4,12,Tuesday
101193,1421,Swiggy,Pune,Dilli Darbar,North Indian,2025-03-08 20:31:00,367.43,30.0,0,UPI,42.0,Delivered,4.2,20,Saturday
101997,1596,Swiggy,Hyderabad,Punjabi Tadka,North Indian,2025-04-08 16:37:00,331.91,30.0,1,UPI,28.1,Delivered,5.0,16,Tuesday
101794,1286,Zomato,Bengaluru,China Town,Chinese,2025-03-18 13:53:00,285.19,40.0,0,UPI,32.7,Delivered,4.6,13,Tuesday
100322,1368,Swiggy,Delhi,Burger King,Fast Food,2025-05-15 13:28:00,235.5,49.0,1,UPI,45.1,Delivered,4.6,13,Thursday
101726,1569,Zomato,Pune,Chennai Biryani Hub,Biryani,2025-03-29 14:03:00,200.88,20.0,0,UPI,24.6,Delivered,5.0,14,Saturday
100082,1096,Uber Eats,Mumbai,Punjabi Tadka,North Indian,2025-06-18 23:05:00,292.64,49.0,1,UPI,38.9,Delivered,5.0,23,Wednesday
100512,1504,Zomato,Coimbatore,Dilli Darbar,North Indian,2025-02-18 18:37:00,339.75,30.0,1,Credit Card,36.4,Delivered,4.4,18,Tuesday
101538,1423,Swiggy,Chennai,Dosa Plaza,South Indian,2025-06-11 13:21:00,180.63,40.0,1,Debit Card,44.0,Delivered,4.5,13,Wednesday
101497,1468,Swiggy,Hyderabad,Dilli Darbar,North Indian,2025-06-29 09:22:00,298.69,20.0,0,UPI,62.2,Delayed,4.6,9,Sunday
100929,1346,Swiggy,Kolkata,Chennai Biryani Hub,Biryani,2025-06-05 15:18:00,389.32,40.0,0,UPI,36.5,Delivered,4.4,15,Thursday
101645,1176,Uber Eats,Coimbatore,Biryani Zone,Biryani,2025-06-02 20:45:00,197.6,30.0,0,Credit Card,31.7,Delivered,4.8,20,Monday
101357,1080,Zomato,Bengaluru,Salad Days,Healthy Food,2025-06-07 11:41:00,256.95,0.0,0,Debit Card,,Cancelled,,11,Saturday
100010,1315,Zomato,Bengaluru,Oven Story,Pizza,2025-07-26 12:30:00,296.5,0.0,1,Wallet,40.0,Delivered,4.7,12,Saturday
100831,1144,Uber Eats,Mumbai,La Pino'z,Pizza,2025-02-20 12:15:00,396.34,49.0,1,Credit Card,39.1,Delivered,4.2,12,Thursday
100032,1055,Zomato,Bengaluru,Hyderabad House,Biryani,2025-03-19 20:23:00,291.52,30.0,0,Credit Card,31.6,Delivered,4.4,20,Wednesday
101527,1082,Uber Eats,Delhi,Biryani Zone,Biryani,2025-02-05 14:59:00,449.54,20.0,0,UPI,36.1,Delivered,3.9,14,Wednesday
100413,1079,Uber Eats,Chennai,Hyderabad House,Biryani,2025-07-11 19:03:00,353.3,20.0,1,UPI,26.0,Delivered,4.8,19,Friday
100580,1055,Uber Eats,Delhi,China Town,Chinese,2025-04-04 14:03:00,499.17,40.0,1,Credit Card,58.6,Delivered,3.5,14,Friday
101406,1208,Zomato,Kolkata,Salad Days,Healthy Food,2025-04-02 13:18:00,222.01,20.0,0,Credit Card,39.8,Delivered,4.7,13,Wednesday
101563,1551,Zomato,Pune,Green Bowl,Healthy Food,2025-07-28 18:24:00,387.84,30.0,0,Debit Card,44.3,Delivered,3.8,18,Monday
101680,1565,Zomato,Kolkata,Chowman,Chinese,2025-02-11 15:00:00,372.3,20.0,1,Credit Card,,Delivered,4.8,15,Tuesday
101920,1235,Uber Eats,Bengaluru,Theobroma,Desserts,2025-05-17 21:50:00,200.14,0.0,1,UPI,16.7,Delivered,5.0,21,Saturday
100614,1411,Zomato,Mumbai,Chowman,Chinese,2025-03-29 12:36:00,358.78,20.0,1,UPI,60.0,Delivered,3.9,12,Saturday
101045,1092,Swiggy,Bengaluru,Dilli Darbar,North Indian,2025-04-15 08:06:00,228.67,0.0,0,UPI,37.8,Delivered,4.0,8,Tuesday
101402,1179,Zomato,Chennai,Paradise Biryani,Biryani,2025-06-01 19:49:00,253.4,40.0,0,Credit Card,32.3,Delivered,4.8,19,Sunday
101014,1311,Swiggy,Mumbai,Hyderabad House,Biryani,2025-06-11 20:45:00,365.96,49.0,0,Wallet,74.0,Delayed,3.7,20,Wednesday
100089,1499,Zomato,Kolkata,La Pino'z,Pizza,2025-06-18 17:37:00,590.03,30.0,1,UPI,37.3,Delivered,5.0,17,Wednesday
101714,1386,Zomato,Mumbai,Mainland China,Chinese,2025-04-14 08:38:00,305.1,0.0,0,UPI,56.5,Delivered,4.1,8,Monday
100601,1467,Swiggy,Chennai,Biryani Zone,Biryani,2025-03-11 13:31:00,306.66,40.0,0,UPI,54.6,Delivered,4.4,13,Tuesday
101237,1074,Swiggy,Pune,Wok This Way,Chinese,2025-05-24 20:12:00,348.35,30.0,1,Debit Card,21.0,Delivered,5.0,20,Saturday
101852,1272,Zomato,Pune,Mainland China,Chinese,2025-02-19 18:47:00,358.37,49.0,0,UPI,38.8,Delivered,4.7,18,Wednesday
100133,1335,Zomato,Chennai,Tandoor Nights,North Indian,2025-06-13 19:35:00,427.89,30.0,0,Cash on Delivery,36.9,Delivered,4.5,19,Friday
101370,1528,Zomato,Bengaluru,KFC,Fast Food,2025-07-29 20:12:00,265.33,0.0,1,Wallet,40.3,Delivered,4.7,20,Tuesday
100555,1302,Zomato,Pune,KFC,Fast Food,2025-07-24 21:02:00,219.11,0.0,0,UPI,,Cancelled,,21,Thursday
101031,1103,Zomato,Bengaluru,Tandoor Nights,North Indian,2025-02-20 12:33:00,210.71,49.0,0,Wallet,40.8,Delivered,4.3,12,Thursday
101596,1395,Swiggy,Hyderabad,Domino's,Pizza,2025-04-09 21:08:00,485.9,20.0,0,UPI,30.6,Delivered,4.7,21,Wednesday
100320,1192,Zomato,Chennai,Chennai Biryani Hub,Biryani,2025-04-04 19:13:00,380.01,40.0,1,UPI,34.7,Delivered,4.0,19,Friday
101785,1146,Zomato,Pune,Sangeetha,South Indian,2025-02-06 20:03:00,221.93,40.0,1,Debit Card,39.5,Delivered,3.7,20,Thursday
101211,1469,Zomato,Bengaluru,Cream Stone,Desserts,2025-02-09 20:47:00,199.68,40.0,0,UPI,38.5,Delivered,4.4,20,Sunday
101752,1377,Zomato,Bengaluru,Baskin Robbins,Desserts,2025-04-09 20:50:00,181.48,30.0,0,UPI,30.7,Delivered,4.3,20,Wednesday
100634,1109,Uber Eats,Mumbai,Paradise Biryani,Biryani,2025-07-23 23:18:00,303.29,20.0,0,UPI,30.6,Delivered,4.8,23,Wednesday
100552,1496,Swiggy,Bengaluru,Punjabi Tadka,North Indian,2025-02-24 15:26:00,464.54,40.0,1,Cash on Delivery,,Cancelled,,15,Monday
101328,1405,Zomato,Pune,Dilli Darbar,North Indian,2025-02-22 13:54:00,418.56,0.0,1,UPI,42.0,Delivered,4.4,13,Saturday
101055,1597,Zomato,Pune,Chennai Biryani Hub,Biryani,2025-04-26 19:02:00,384.07,40.0,0,Wallet,38.2,Delivered,4.6,19,Saturday
101747,1226,Swiggy,Mumbai,Sangeetha,South Indian,2025-03-17 13:30:00,225.02,40.0,0,Wallet,45.0,Delivered,4.1,13,Monday
100796,1580,Zomato,Mumbai,Murugan Idli Shop,South Indian,2025-06-13 12:38:00,157.01,40.0,0,Credit Card,37.0,Delivered,4.1,12,Friday
101675,1590,Zomato,Chennai,Hyderabad House,Biryani,2025-05-28 08:58:00,379.7,20.0,0,UPI,17.9,Delivered,5.0,8,Wednesday
101725,1469,Zomato,Bengaluru,Punjabi Tadka,North Indian,2025-06-16 19:28:00,370.37,40.0,0,Cash on Delivery,39.8,Delivered,4.7,19,Monday
100174,1418,Zomato,Delhi,Paradise Biryani,Biryani,2025-05-03 11:40:00,507.47,30.0,0,UPI,34.4,Delivered,4.6,11,Saturday
100766,1367,Uber Eats,Hyderabad,Punjabi Tadka,North Indian,2025-05-29 19:35:00,296.62,30.0,0,Cash on Delivery,33.3,Delivered,4.6,19,Thursday
100245,1050,Swiggy,Mumbai,Chowman,Chinese,2025-06-26 18:15:00,219.73,0.0,1,UPI,51.1,Delivered,4.2,18,Thursday
101080,1552,Swiggy,Bengaluru,Biryani Zone,Biryani,2025-02-09 19:11:00,302.34,30.0,0,Credit Card,22.0,Delivered,5.0,19,Sunday
101751,1532,Zomato,Hyderabad,Domino's,Pizza,2025-05-26 22:31:00,416.73,49.0,0,Wallet,46.3,Delivered,4.2,22,Monday
100145,1512,Swiggy,Mumbai,Burger King,Fast Food,2025-04-28 11:46:00,402.93,40.0,1,Credit Card,,Cancelled,,11,Monday
100090,1261,Swiggy,Pune,Curry Leaf,North Indian,2025-04-24 14:52:00,291.8,49.0,0,UPI,41.0,Delivered,4.7,14,Thursday
101416,1380,Swiggy,Hyderabad,Tandoor Nights,North Indian,2025-02-05 18:04:00,385.59,49.0,0,UPI,32.2,Delivered,4.6,18,Wednesday
100682,1575,Zomato,Hyderabad,Biryani Zone,Biryani,2025-07-30 13:22:00,361.18,40.0,1,Cash on Delivery,41.0,Delivered,4.4,13,Wednesday
100310,1399,Swiggy,Kolkata,Punjabi Tadka,North Indian,2025-05-03 11:54:00,368.95,30.0,1,Wallet,41.2,Delivered,4.4,11,Saturday
101383,1538,Swiggy,Hyderabad,Sweet Truth,Desserts,2025-07-30 14:18:00,114.96,0.0,0,Wallet,23.1,Delivered,4.3,14,Wednesday
100093,1232,Swiggy,Coimbatore,Dilli Darbar,North Indian,2025-03-04 12:21:00,386.45,40.0,1,Wallet,25.2,Delivered,4.8,12,Tuesday
101581,1129,Zomato,Pune,Murugan Idli Shop,South Indian,2025-05-04 19:59:00,118.48,0.0,0,UPI,19.9,Delivered,5.0,19,Sunday
100924,1148,Swiggy,Chennai,Murugan Idli Shop,South Indian,2025-06-21 19:39:00,297.09,30.0,0,UPI,22.6,Delivered,5.0,19,Saturday
101700,1159,Zomato,Coimbatore,Pizza Hut,Pizza,2025-05-15 17:15:00,495.68,40.0,1,UPI,21.7,Delivered,4.9,17,Thursday
101035,1445,Zomato,Bengaluru,KFC,Fast Food,2025-06-22 19:47:00,339.79,40.0,0,UPI,,Cancelled,,19,Sunday
101400,1512,Zomato,Pune,Chennai Biryani Hub,Biryani,2025-03-23 13:50:00,361.15,0.0,0,Debit Card,48.1,Delivered,4.3,13,Sunday
100243,1389,Swiggy,Bengaluru,Domino's,Pizza,2025-03-16 16:15:00,272.63,0.0,1,UPI,45.9,Delivered,3.9,16,Sunday
101500,1317,Swiggy,Chennai,Chai Point,Beverages,2025-04-18 12:45:00,153.66,20.0,1,Debit Card,42.7,Delivered,4.5,12,Friday
101111,1139,Zomato,Pune,Curry Leaf,North Indian,2025-03-17 22:54:00,395.06,30.0,1,UPI,36.1,Delivered,4.6,22,Monday
100214,1442,Swiggy,Chennai,Curry Leaf,North Indian,2025-04-01 16:43:00,434.18,30.0,0,UPI,37.4,Delivered,4.2,16,Tuesday
101999,1168,Swiggy,Mumbai,Cream Stone,Desserts,2025-07-30 13:07:00,270.43,30.0,0,Credit Card,45.2,Delivered,4.5,13,Wednesday
101197,1589,Zomato,Kolkata,Biryani Zone,Biryani,2025-03-28 21:07:00,210.14,20.0,1,UPI,43.1,Delivered,4.3,21,Friday
100998,1577,Zomato,Bengaluru,Burger King,Fast Food,2025-07-11 13:38:00,330.06,30.0,1,Wallet,54.6,Delivered,4.0,13,Friday
100853,1143,Zomato,Bengaluru,La Pino'z,Pizza,2025-07-28 19:45:00,391.95,40.0,0,Credit Card,53.3,Delivered,4.6,19,Monday
100425,1119,Swiggy,Hyderabad,Wok This Way,Chinese,2025-02-15 13:09:00,283.42,20.0,1,Credit Card,37.9,Delivered,4.9,13,Saturday
101777,1097,Zomato,Chennai,Murugan Idli Shop,South Indian,2025-03-30 16:27:00,217.41,0.0,0,Debit Card,40.9,Delivered,4.6,16,Sunday
101142,1558,Zomato,Chennai,Paradise Biryani,Biryani,2025-07-26 12:55:00,289.86,30.0,0,UPI,35.7,Delivered,4.5,12,Saturday
101143,1506,Zomato,Bengaluru,Chowman,Chinese,2025-06-29 19:06:00,479.77,49.0,0,Debit Card,41.0,Delivered,4.1,19,Sunday
100226,1485,Zomato,Delhi,Paradise Biryani,Biryani,2025-04-30 11:56:00,258.78,20.0,1,Debit Card,34.8,Delivered,5.0,11,Wednesday
101640,1432,Zomato,Chennai,Hyderabad House,Biryani,2025-05-13 07:06:00,319.27,30.0,0,Cash on Delivery,32.4,Delivered,4.6,7,Tuesday
100000,1053,Swiggy,Pune,Pizza Hut,Pizza,2025-07-16 19:31:00,491.97,49.0,1,Credit Card,39.1,Delivered,4.5,19,Wednesday
101418,1516,Swiggy,Chennai,Burger King,Fast Food,2025-05-13 12:27:00,304.8,0.0,0,Credit Card,32.9,Delivered,4.1,12,Tuesday
100401,1466,Swiggy,Pune,Pizza Hut,Pizza,2025-02-26 11:28:00,336.99,0.0,0,UPI,39.1,Delivered,4.1,11,Wednesday
101428,1160,Zomato,Bengaluru,Punjabi Tadka,North Indian,2025-05-26 14:06:00,425.41,30.0,1,Debit Card,44.1,Delivered,4.2,14,Monday
101103,1090,Uber Eats,Bengaluru,KFC,Fast Food,2025-06-16 15:02:00,213.46,30.0,1,Debit Card,42.7,Delivered,4.5,15,Monday
100084,1377,Uber Eats,Delhi,Chai Point,Beverages,2025-04-06 18:33:00,123.66,30.0,1,UPI,50.5,Delivered,4.5,18,Sunday
100162,1245,Zomato,Chennai,Biryani Zone,Biryani,2025-06-22 20:01:00,392.66,20.0,1,UPI,38.0,Delivered,4.7,20,Sunday
100114,1303,Uber Eats,Hyderabad,Chennai Biryani Hub,Biryani,2025-06-05 13:08:00,363.01,20.0,0,UPI,35.5,Delivered,4.3,13,Thursday
100670,1571,Swiggy,Bengaluru,Dosa Plaza,South Indian,2025-03-31 13:55:00,255.29,49.0,1,UPI,35.6,Delivered,4.8,13,Monday
101174,1005,Swiggy,Delhi,Tandoor Nights,North Indian,2025-03-03 13:19:00,329.88,49.0,0,Wallet,38.0,Delivered,4.7,13,Monday
101543,1341,Swiggy,Hyderabad,Sangeetha,South Indian,2025-03-25 12:33:00,233.34,30.0,0,Credit Card,49.5,Delivered,4.1,12,Tuesday
101779,1410,Swiggy,Mumbai,Theobroma,Desserts,2025-05-26 21:45:00,244.91,40.0,1,Cash on Delivery,73.3,Delayed,3.7,21,Monday
101392,1590,Swiggy,Hyderabad,Pizza Hut,Pizza,2025-06-28 18:38:00,226.96,0.0,1,Credit Card,28.6,Delivered,4.6,18,Saturday
100889,1162,Swiggy,Bengaluru,Paradise Biryani,Biryani,2025-03-16 13:54:00,426.12,0.0,0,UPI,37.3,Delivered,4.3,13,Sunday
101501,1156,Zomato,Hyderabad,La Pino'z,Pizza,2025-07-25 11:55:00,484.87,30.0,0,Debit Card,43.8,Delivered,4.7,11,Friday
100625,1139,Zomato,Mumbai,Saravana Bhavan,South Indian,2025-03-14 12:48:00,215.39,40.0,1,UPI,49.2,Delivered,4.1,12,Friday
101976,1559,Zomato,Hyderabad,Subway,Fast Food,2025-05-09 14:38:00,326.25,20.0,1,Debit Card,23.5,Delivered,4.5,14,Friday
100952,1368,Zomato,Kolkata,Punjabi Tadka,North Indian,2025-02-16 13:14:00,459.61,20.0,0,UPI,33.6,Delivered,4.5,13,Sunday
100807,1066,Swiggy,Mumbai,KFC,Fast Food,2025-02-27 09:07:00,178.76,30.0,1,Cash on Delivery,51.9,Delivered,4.6,9,Thursday
100258,1105,Zomato,Mumbai,Dilli Darbar,North Indian,2025-02-27 08:47:00,456.4,30.0,0,Cash on Delivery,51.0,Delivered,3.9,8,Thursday
100624,1362,Swiggy,Mumbai,Paradise Biryani,Biryani,2025-05-30 19:58:00,225.63,40.0,0,UPI,52.4,Delivered,4.5,19,Friday
100826,1408,Zomato,Bengaluru,China Town,Chinese,2025-02-01 13:59:00,401.21,0.0,0,Cash on Delivery,37.8,Delivered,4.1,13,Saturday
100234,1295,Swiggy,Chennai,Mainland China,Chinese,2025-03-29 12:06:00,359.515,49.0,0,Wallet,34.2,Delivered,4.5,12,Saturday
100135,1182,Swiggy,Delhi,Dosa Plaza,South Indian,2025-02-10 13:00:00,221.71,40.0,1,UPI,45.0,Delivered,4.6,13,Monday
100616,1149,Swiggy,Bengaluru,Curry Leaf,North Indian,2025-04-14 13:01:00,241.97,20.0,1,Credit Card,46.4,Delivered,4.2,13,Monday
101942,1524,Zomato,Mumbai,Sangeetha,South Indian,2025-07-23 18:44:00,237.06,0.0,0,Cash on Delivery,51.3,Delivered,4.2,18,Wednesday
101977,1205,Zomato,Chennai,Hyderabad House,Biryani,2025-03-02 20:27:00,253.57,20.0,0,Cash on Delivery,33.2,Delivered,4.7,20,Sunday
100836,1485,Swiggy,Delhi,KFC,Fast Food,2025-07-13 13:38:00,420.37,40.0,1,Debit Card,35.2,Delivered,4.5,13,Sunday
100842,1545,Swiggy,Mumbai,Oven Story,Pizza,2025-05-15 20:46:00,350.35,0.0,0,UPI,33.6,Delivered,4.6,20,Thursday
100959,1247,Zomato,Bengaluru,La Pino'z,Pizza,2025-05-31 18:38:00,599.27,0.0,1,Debit Card,76.0,Delayed,3.2,18,Saturday
100592,1143,Uber Eats,Pune,Murugan Idli Shop,South Indian,2025-02-17 17:48:00,261.37,0.0,0,Wallet,23.1,Delivered,5.0,17,Monday
101314,1541,Swiggy,Chennai,Chowman,Chinese,2025-03-30 21:37:00,411.32,20.0,1,UPI,37.2,Delivered,4.4,21,Sunday
101525,1028,Swiggy,Mumbai,Coastal Feast,Seafood,2025-03-26 14:45:00,622.63,20.0,0,Credit Card,38.3,Delivered,4.6,14,Wednesday
101291,1514,Zomato,Chennai,Chai Point,Beverages,2025-03-20 15:16:00,140.45,20.0,1,Wallet,37.0,Delivered,4.0,15,Thursday
100343,1309,Zomato,Chennai,Murugan Idli Shop,South Indian,2025-05-15 19:36:00,187.56,20.0,1,UPI,69.0,Delayed,4.0,19,Thursday
101663,1332,Swiggy,Chennai,KFC,Fast Food,2025-03-02 20:45:00,308.59,20.0,0,Cash on Delivery,38.7,Delivered,4.4,20,Sunday
101589,1017,Swiggy,Kolkata,Murugan Idli Shop,South Indian,2025-03-30 17:02:00,253.53,40.0,1,UPI,29.9,Delivered,4.7,17,Sunday
100293,1198,Swiggy,Hyderabad,Mainland China,Chinese,2025-05-14 20:49:00,472.85,20.0,1,UPI,16.2,Delivered,5.0,20,Wednesday
100364,1069,Zomato,Bengaluru,Burger King,Fast Food,2025-06-29 12:00:00,303.83,30.0,1,Credit Card,35.0,Delivered,5.0,12,Sunday
100178,1540,Swiggy,Chennai,Dosa Plaza,South Indian,2025-03-14 21:12:00,251.59,20.0,1,Credit Card,33.3,Delivered,4.8,21,Friday
100659,1172,Swiggy,Chennai,Sweet Truth,Desserts,2025-03-29 16:56:00,163.13,20.0,0,UPI,43.0,Delivered,4.0,16,Saturday
100996,1315,Swiggy,Chennai,Murugan Idli Shop,South Indian,2025-07-11 13:22:00,246.57,30.0,1,Cash on Delivery,45.3,Delivered,4.6,13,Friday
100014,1430,Swiggy,Bengaluru,Paradise Biryani,Biryani,2025-06-04 20:19:00,403.45,30.0,1,UPI,76.2,Delayed,4.0,20,Wednesday
101110,1379,Zomato,Bengaluru,Chennai Biryani Hub,Biryani,2025-03-13 19:15:00,117.49,20.0,1,Wallet,40.8,Delivered,4.3,19,Thursday
101394,1129,Zomato,Bengaluru,Murugan Idli Shop,South Indian,2025-06-10 20:33:00,187.26,20.0,1,Cash on Delivery,31.5,Delivered,4.2,20,Tuesday
100165,1488,Zomato,Delhi,Cream Stone,Desserts,2025-05-28 14:42:00,120.83,30.0,0,Debit Card,74.0,Delayed,3.5,14,Wednesday
101895,1510,Swiggy,Hyderabad,Biryani Zone,Biryani,2025-02-20 21:49:00,365.72,0.0,0,Cash on Delivery,39.2,Delivered,4.8,21,Thursday
101359,1219,Swiggy,Delhi,Curry Leaf,North Indian,2025-06-18 18:41:00,507.16,20.0,0,UPI,48.5,Delivered,4.0,18,Wednesday
100059,1409,Zomato,Bengaluru,Chennai Biryani Hub,Biryani,2025-07-02 12:11:00,304.44,30.0,0,Wallet,73.4,Delayed,3.6,12,Wednesday
100709,1279,Swiggy,Delhi,Saravana Bhavan,South Indian,2025-06-10 22:02:00,258.66,0.0,1,UPI,45.4,Delivered,4.2,22,Tuesday
100676,1348,Zomato,Bengaluru,Paradise Biryani,Biryani,2025-03-19 20:58:00,375.23,20.0,0,Cash on Delivery,29.4,Delivered,4.4,20,Wednesday
101378,1301,Swiggy,Kolkata,Pizza Hut,Pizza,2025-07-09 23:28:00,634.98,0.0,1,UPI,42.8,Delivered,4.3,23,Wednesday
100780,1526,Swiggy,Chennai,Bay Bites,Seafood,2025-05-20 22:10:00,405.15,40.0,1,Credit Card,27.9,Delivered,4.6,22,Tuesday
100424,1250,Swiggy,Chennai,Starbucks,Beverages,2025-05-24 10:07:00,80.0,20.0,0,UPI,37.4,Delivered,4.6,10,Saturday
100292,1572,Zomato,Mumbai,McDonald's,Fast Food,2025-02-07 12:11:00,375.8,40.0,0,Credit Card,52.8,Delivered,4.0,12,Friday
101065,1232,Uber Eats,Delhi,Burger King,Fast Food,2025-02-07 19:13:00,306.74,20.0,1,Debit Card,26.9,Delivered,4.7,19,Friday
101806,1005,Swiggy,Hyderabad,Saravana Bhavan,South Indian,2025-07-19 13:49:00,191.11,20.0,0,Debit Card,31.9,Delivered,4.7,13,Saturday
100329,1332,Swiggy,Bengaluru,Curry Leaf,North Indian,2025-04-29 22:17:00,320.23,49.0,0,Credit Card,,Cancelled,,22,Tuesday
100429,1429,Swiggy,Pune,Dosa Plaza,South Indian,2025-06-07 11:27:00,251.23,0.0,0,Credit Card,26.2,Delivered,4.7,11,Saturday
101012,1147,Swiggy,Kolkata,Biryani Zone,Biryani,2025-06-27 20:33:00,301.75,40.0,0,Wallet,21.1,Delivered,5.0,20,Friday
100079,1401,Swiggy,Bengaluru,Chowman,Chinese,2025-06-07 11:55:00,345.01,49.0,1,Wallet,39.3,Delivered,4.9,11,Saturday
101052,1301,Zomato,Mumbai,KFC,Fast Food,2025-02-21 11:41:00,428.5,20.0,0,Wallet,22.4,Delivered,4.7,11,Friday
100937,1089,Zomato,Mumbai,Curry Leaf,North Indian,2025-06-21 20:44:00,464.08,20.0,0,UPI,24.2,Delivered,4.7,20,Saturday
100834,1512,Swiggy,Bengaluru,Sangeetha,South Indian,2025-07-29 14:46:00,201.29,40.0,1,UPI,31.5,Delivered,4.4,14,Tuesday
100749,1094,Swiggy,Chennai,EatFit,Healthy Food,2025-06-13 12:03:00,339.29,0.0,0,Credit Card,30.2,Delivered,4.4,12,Friday
100890,1059,Swiggy,Chennai,EatFit,Healthy Food,2025-05-25 13:11:00,315.52,20.0,0,Cash on Delivery,25.0,Delivered,4.7,13,Sunday
100254,1396,Swiggy,Chennai,Cream Stone,Desserts,2025-03-03 11:51:00,198.44,0.0,0,Debit Card,20.4,Delivered,5.0,11,Monday
101749,1431,Swiggy,Chennai,Wok This Way,Chinese,2025-06-23 07:12:00,418.07,30.0,1,UPI,23.7,Delivered,4.8,7,Monday
101974,1335,Zomato,Mumbai,Murugan Idli Shop,South Indian,2025-04-04 22:09:00,238.11,30.0,0,Debit Card,45.0,Delivered,5.0,22,Friday
101407,1524,Swiggy,Bengaluru,Oven Story,Pizza,2025-02-05 11:17:00,382.88,0.0,0,UPI,31.3,Delivered,4.3,11,Wednesday
101337,1177,Swiggy,Chennai,Oven Story,Pizza,2025-07-18 14:52:00,457.21000000000004,20.0,0,Credit Card,39.3,Delivered,4.3,14,Friday
101108,1564,Swiggy,Kolkata,Tandoor Nights,North Indian,2025-04-01 13:18:00,170.09,0.0,0,Cash on Delivery,30.6,Delivered,4.5,13,Tuesday
100136,1361,Zomato,Pune,Biryani Zone,Biryani,2025-03-13 20:43:00,278.82,30.0,0,Credit Card,28.9,Delivered,5.0,20,Thursday
101135,1034,Zomato,Chennai,Oven Story,Pizza,2025-03-17 11:31:00,269.51,30.0,1,Debit Card,,Cancelled,,11,Monday
101218,1485,Uber Eats,Coimbatore,Chennai Biryani Hub,Biryani,2025-04-15 17:33:00,391.71,20.0,0,Cash on Delivery,29.0,Delivered,5.0,17,Tuesday
100852,1577,Zomato,Bengaluru,Hyderabad House,Biryani,2025-04-13 14:48:00,283.34,0.0,0,UPI,50.1,Delivered,4.2,14,Sunday
101202,1590,Uber Eats,Chennai,Sangeetha,South Indian,2025-03-28 18:57:00,183.25,20.0,1,UPI,31.4,Delivered,4.3,18,Friday
101901,1318,Uber Eats,Bengaluru,Murugan Idli Shop,South Indian,2025-04-25 17:36:00,215.49,30.0,0,UPI,37.9,Delivered,4.8,17,Friday
100723,1071,Zomato,Hyderabad,Subway,Fast Food,2025-03-12 18:31:00,324.35,20.0,0,Cash on Delivery,31.9,Delivered,4.6,18,Wednesday
100859,1480,Swiggy,Chennai,La Pino'z,Pizza,2025-02-13 19:20:00,490.32,0.0,1,UPI,21.3,Delivered,4.6,19,Thursday
100969,1021,Zomato,Chennai,Sweet Truth,Desserts,2025-04-28 20:50:00,199.95,40.0,0,Credit Card,41.5,Delivered,4.1,20,Monday
100496,1071,Zomato,Delhi,Salad Days,Healthy Food,2025-05-12 19:37:00,372.51,30.0,1,UPI,34.9,Delivered,3.9,19,Monday
100950,1056,Uber Eats,Hyderabad,Dilli Darbar,North Indian,2025-06-08 19:16:00,346.15,49.0,0,UPI,29.5,Delivered,5.0,19,Sunday
100805,1468,Zomato,Chennai,Sweet Truth,Desserts,2025-02-17 19:45:00,121.69,40.0,0,Credit Card,32.4,Delivered,4.0,19,Monday
100129,1380,Uber Eats,Kolkata,Green Bowl,Healthy Food,2025-05-11 21:32:00,480.98,30.0,0,UPI,42.0,Delivered,4.3,21,Sunday
100337,1190,Zomato,Kolkata,Wok This Way,Chinese,2025-03-06 10:37:00,510.1,20.0,0,UPI,,Cancelled,,10,Thursday
100608,1580,Swiggy,Chennai,Dilli Darbar,North Indian,2025-07-28 20:15:00,460.67,40.0,1,UPI,63.6,Delayed,3.9,20,Monday
101148,1413,Zomato,Hyderabad,Chaayos,Beverages,2025-06-19 12:32:00,133.71,20.0,1,UPI,26.2,Delivered,4.8,12,Thursday
100195,1052,Swiggy,Bengaluru,Green Bowl,Healthy Food,2025-07-28 20:27:00,319.89,40.0,1,Credit Card,,Cancelled,,20,Monday
101250,1145,Zomato,Bengaluru,Burger King,Fast Food,2025-02-26 12:23:00,345.15,30.0,0,UPI,26.5,Delivered,4.9,12,Wednesday
101292,1266,Zomato,Chennai,Chai Point,Beverages,2025-06-08 12:16:00,146.28,20.0,0,Debit Card,,Delivered,4.8,12,Sunday
101994,1452,Zomato,Mumbai,Sweet Truth,Desserts,2025-04-19 12:02:00,170.36,20.0,0,UPI,48.2,Delivered,4.7,12,Saturday
100909,1055,Uber Eats,Pune,Chennai Biryani Hub,Biryani,2025-06-01 17:06:00,431.49,20.0,1,UPI,,Cancelled,,17,Sunday
100584,1242,Zomato,Kolkata,China Town,Chinese,2025-03-01 14:21:00,594.59,30.0,0,Cash on Delivery,26.5,Delivered,4.4,14,Saturday
100103,1004,Zomato,Delhi,Sangeetha,South Indian,2025-05-08 19:09:00,221.79,0.0,1,Cash on Delivery,30.1,Delivered,4.5,19,Thursday
101864,1501,Swiggy,Mumbai,Dosa Plaza,South Indian,2025-02-02 12:01:00,145.19,20.0,0,UPI,39.9,Delivered,4.8,12,Sunday
101883,1507,Swiggy,Bengaluru,Burger King,Fast Food,2025-03-09 12:46:00,340.67,0.0,1,UPI,48.3,Delayed,4.4,12,Sunday
100719,1359,Zomato,Hyderabad,Hyderabad House,Biryani,2025-07-14 15:51:00,367.37,30.0,1,UPI,35.9,Delivered,4.1,15,Monday
100884,1487,Swiggy,Coimbatore,Dosa Plaza,South Indian,2025-07-29 11:19:00,206.42,20.0,0,Credit Card,,Cancelled,,11,Tuesday
100776,1254,Zomato,Delhi,Mainland China,Chinese,2025-06-30 12:37:00,330.17,30.0,1,UPI,,Cancelled,,12,Monday
101569,1590,Uber Eats,Mumbai,Chai Point,Beverages,2025-03-06 20:45:00,126.71,0.0,1,Debit Card,36.8,Delivered,4.3,20,Thursday
100849,1363,Zomato,Bengaluru,Theobroma,Desserts,2025-06-04 14:42:00,245.6,20.0,0,Wallet,46.6,Delivered,4.8,14,Wednesday
100894,1449,Swiggy,Kolkata,Biryani Zone,Biryani,2025-03-20 18:31:00,363.99,40.0,1,UPI,24.0,Delivered,4.5,18,Thursday
100227,1347,Zomato,Chennai,Hyderabad House,Biryani,2025-05-18 19:19:00,393.68,40.0,1,UPI,22.6,Delivered,4.9,19,Sunday
101897,1524,Swiggy,Hyderabad,Biryani Zone,Biryani,2025-06-22 12:26:00,274.53,0.0,1,Cash on Delivery,41.5,Delivered,4.5,12,Sunday
101325,1112,Uber Eats,Mumbai,Hyderabad House,Biryani,2025-04-18 11:54:00,289.49,30.0,0,Credit Card,47.9,Delivered,4.3,11,Friday
101299,1017,Zomato,Delhi,EatFit,Healthy Food,2025-03-05 12:23:00,296.32,20.0,0,UPI,47.5,Delivered,4.4,12,Wednesday
100126,1047,Zomato,Mumbai,Punjabi Tadka,North Indian,2025-03-10 12:32:00,427.45,20.0,0,UPI,44.0,Delivered,4.7,12,Monday
100405,1300,Swiggy,Pune,Baskin Robbins,Desserts,2025-02-05 15:16:00,94.45,0.0,0,Cash on Delivery,25.2,Delivered,5.0,15,Wednesday
100775,1570,Zomato,Hyderabad,Paradise Biryani,Biryani,2025-02-14 22:58:00,377.76,40.0,1,UPI,29.3,Delivered,4.5,22,Friday
100821,1399,Zomato,Mumbai,Subway,Fast Food,2025-06-06 11:07:00,157.88,40.0,0,UPI,37.1,Delivered,4.3,11,Friday
100711,1313,Swiggy,Delhi,Saravana Bhavan,South Indian,2025-03-21 19:23:00,248.15,30.0,0,UPI,45.0,Delivered,4.2,19,Friday
101905,1146,Zomato,Mumbai,Subway,Fast Food,2025-06-16 15:57:00,282.07,20.0,1,Debit Card,42.1,Delivered,4.6,15,Monday
101060,1462,Uber Eats,Coimbatore,Wok This Way,Chinese,2025-03-30 21:08:00,367.3,30.0,0,Wallet,25.5,Delivered,4.7,21,Sunday
101163,1318,Swiggy,Bengaluru,Dosa Plaza,South Indian,2025-03-13 15:10:00,250.42,40.0,1,Credit Card,57.5,Delayed,4.2,15,Thursday
100303,1537,Swiggy,Coimbatore,Oven Story,Pizza,2025-05-14 18:27:00,363.45,40.0,1,Credit Card,33.0,Delivered,4.6,18,Wednesday
100267,1208,Uber Eats,Delhi,Burger King,Fast Food,2025-06-19 11:38:00,316.34,30.0,1,UPI,38.9,Delivered,4.9,11,Thursday
101557,1463,Swiggy,Delhi,Paradise Biryani,Biryani,2025-07-23 19:03:00,147.9,40.0,0,Debit Card,78.4,Delayed,3.5,19,Wednesday
100545,1032,Swiggy,Hyderabad,Domino's,Pizza,2025-06-28 12:28:00,634.93,40.0,0,Credit Card,38.2,Delivered,4.3,12,Saturday
100212,1473,Zomato,Pune,Salad Days,Healthy Food,2025-04-10 11:36:00,347.31,0.0,0,Debit Card,40.9,Delivered,4.2,11,Thursday
100896,1305,Zomato,Bengaluru,Hyderabad House,Biryani,2025-07-27 11:22:00,356.11,20.0,1,UPI,37.1,Delivered,4.3,11,Sunday
101492,1017,Swiggy,Coimbatore,McDonald's,Fast Food,2025-06-17 21:46:00,279.26,0.0,1,Wallet,25.7,Delivered,4.8,21,Tuesday
101222,1576,Swiggy,Bengaluru,Sangeetha,South Indian,2025-03-17 14:36:00,219.94,40.0,0,UPI,33.6,Delivered,4.7,14,Monday
100916,1325,Zomato,Hyderabad,Cream Stone,Desserts,2025-03-08 19:35:00,144.27,0.0,0,Credit Card,31.6,Delivered,4.8,19,Saturday
101551,1512,Zomato,Delhi,Pizza Hut,Pizza,2025-07-17 13:47:00,425.46,0.0,0,UPI,30.6,Delivered,4.8,13,Thursday
100675,1435,Uber Eats,Pune,Chai Point,Beverages,2025-07-10 09:09:00,205.12,0.0,1,Cash on Delivery,36.1,Delivered,4.5,9,Thursday
101289,1373,Swiggy,Mumbai,Third Wave Coffee,Beverages,2025-04-05 14:07:00,180.82,40.0,0,UPI,41.3,Delivered,4.6,14,Saturday
100814,1466,Zomato,Hyderabad,Murugan Idli Shop,South Indian,2025-06-29 19:17:00,181.59,40.0,1,Wallet,35.0,Delivered,4.5,19,Sunday
101265,1022,Swiggy,Hyderabad,Subway,Fast Food,2025-05-28 20:00:00,160.68,0.0,1,Debit Card,28.7,Delivered,4.7,20,Wednesday
100342,1373,Zomato,Chennai,Burger King,Fast Food,2025-06-22 19:50:00,336.01,30.0,0,Debit Card,23.8,Delivered,4.8,19,Sunday
100549,1408,Swiggy,Pune,Tandoor Nights,North Indian,2025-06-02 21:58:00,319.85,49.0,1,Debit Card,30.3,Delivered,4.3,21,Monday
101410,1036,Zomato,Bengaluru,Chennai Biryani Hub,Biryani,2025-05-07 13:53:00,146.87,0.0,1,UPI,47.2,Delivered,3.6,13,Wednesday
101214,1044,Uber Eats,Mumbai,Domino's,Pizza,2025-04-30 20:06:00,363.73,40.0,0,UPI,37.0,Delivered,4.9,20,Wednesday
100966,1360,Zomato,Hyderabad,Baskin Robbins,Desserts,2025-05-08 19:15:00,229.06,30.0,1,Credit Card,36.2,Delivered,4.8,19,Thursday
101230,1492,Swiggy,Coimbatore,Starbucks,Beverages,2025-02-14 10:10:00,201.63,0.0,0,UPI,10.0,Delivered,5.0,10,Friday
100295,1312,Swiggy,Coimbatore,Dosa Plaza,South Indian,2025-07-09 12:25:00,255.61,20.0,0,UPI,46.5,Delivered,4.1,12,Wednesday
100695,1152,Zomato,Hyderabad,Pizza Hut,Pizza,2025-03-16 17:14:00,503.68,40.0,1,Credit Card,35.8,Delivered,4.7,17,Sunday
101452,1030,Zomato,Mumbai,Dosa Plaza,South Indian,2025-05-27 20:19:00,333.4,49.0,1,Cash on Delivery,47.9,Delivered,4.2,20,Tuesday
100073,1077,Uber Eats,Delhi,Sangeetha,South Indian,2025-07-18 19:51:00,214.43,20.0,1,UPI,52.7,Delivered,3.9,19,Friday
100605,1321,Swiggy,Chennai,Dosa Plaza,South Indian,2025-06-28 15:45:00,228.7,20.0,1,UPI,41.1,Delivered,4.1,15,Saturday
100104,1478,Swiggy,Mumbai,KFC,Fast Food,2025-05-20 19:26:00,261.83,49.0,0,Debit Card,28.7,Delivered,4.3,19,Tuesday
100645,1197,Zomato,Delhi,Pizza Hut,Pizza,2025-04-04 13:41:00,306.6,30.0,0,UPI,30.1,Delivered,4.5,13,Friday
101404,1106,Zomato,Hyderabad,Chennai Biryani Hub,Biryani,2025-03-10 18:02:00,460.02,30.0,1,Debit Card,36.4,Delivered,4.5,18,Monday
101981,1373,Swiggy,Bengaluru,EatFit,Healthy Food,2025-03-18 19:29:00,227.71,20.0,1,UPI,32.1,Delivered,5.0,19,Tuesday
101040,1423,Swiggy,Hyderabad,Curry Leaf,North Indian,2025-06-02 21:27:00,431.07,30.0,1,UPI,72.6,Delayed,3.3,21,Monday
100439,1238,Uber Eats,Mumbai,Paradise Biryani,Biryani,2025-03-20 19:58:00,408.39,40.0,0,UPI,27.7,Delivered,4.7,19,Thursday
101019,1069,Swiggy,Delhi,EatFit,Healthy Food,2025-04-14 18:57:00,366.69,0.0,1,Cash on Delivery,29.1,Delivered,4.8,18,Monday
100091,1482,Zomato,Kolkata,Cream Stone,Desserts,2025-02-19 19:19:00,192.47,20.0,1,UPI,29.1,Delivered,4.8,19,Wednesday
101112,1115,Swiggy,Delhi,Domino's,Pizza,2025-04-08 10:43:00,516.62,40.0,1,Credit Card,44.6,Delivered,4.2,10,Tuesday
101772,1217,Uber Eats,Chennai,Curry Leaf,North Indian,2025-02-19 13:31:00,336.27,0.0,0,Cash on Delivery,10.0,Delivered,5.0,13,Wednesday
100908,1222,Zomato,Mumbai,Oven Story,Pizza,2025-04-06 18:53:00,446.69,0.0,1,UPI,37.4,Delivered,4.1,18,Sunday
101474,1586,Swiggy,Hyderabad,Paradise Biryani,Biryani,2025-04-09 23:22:00,411.31,0.0,0,UPI,36.2,Delivered,4.0,23,Wednesday
100102,1482,Zomato,Coimbatore,Biryani Zone,Biryani,2025-07-17 12:02:00,351.37,0.0,0,Cash on Delivery,49.6,Delayed,4.0,12,Thursday
100238,1185,Swiggy,Bengaluru,Dilli Darbar,North Indian,2025-03-25 19:20:00,442.45,20.0,0,Debit Card,35.2,Delivered,4.3,19,Tuesday
101719,1310,Zomato,Chennai,Tandoor Nights,North Indian,2025-06-11 18:41:00,365.94,40.0,0,UPI,60.4,Delayed,4.0,18,Wednesday
100942,1548,Swiggy,Chennai,Chennai Biryani Hub,Biryani,2025-04-18 23:36:00,482.73,20.0,0,UPI,40.8,Delivered,4.4,23,Friday
101270,1221,Zomato,Coimbatore,Tandoor Nights,North Indian,2025-05-22 19:33:00,184.13,40.0,1,UPI,34.7,Delivered,5.0,19,Thursday
100938,1276,Swiggy,Hyderabad,Mainland China,Chinese,2025-02-16 21:44:00,295.06,0.0,1,UPI,49.4,Delivered,4.1,21,Sunday
101709,1127,Zomato,Bengaluru,Biryani Zone,Biryani,2025-03-04 19:41:00,239.34,0.0,1,Debit Card,42.5,Delivered,4.8,19,Tuesday
101181,1556,Uber Eats,Chennai,Saravana Bhavan,South Indian,2025-07-22 14:36:00,248.47,40.0,1,UPI,45.5,Delivered,4.2,14,Tuesday
101503,1193,Zomato,Hyderabad,Burger King,Fast Food,2025-05-24 19:02:00,178.19,20.0,0,UPI,41.9,Delivered,4.8,19,Saturday
101669,1435,Zomato,Bengaluru,KFC,Fast Food,2025-03-02 12:46:00,225.03,30.0,0,Wallet,37.5,Delivered,5.0,12,Sunday
100005,1515,Swiggy,Delhi,Tandoor Nights,North Indian,2025-05-02 16:23:00,204.18,40.0,0,Debit Card,57.6,Delivered,3.8,16,Friday
101832,1353,Zomato,Delhi,Oven Story,Pizza,2025-07-25 11:55:00,279.49,0.0,1,Debit Card,22.7,Delivered,4.6,11,Friday
100965,1352,Swiggy,Chennai,Oven Story,Pizza,2025-05-17 11:00:00,454.42,30.0,1,UPI,42.9,Delivered,4.7,11,Saturday
100018,1503,Swiggy,Bengaluru,Murugan Idli Shop,South Indian,2025-02-17 19:45:00,167.73,0.0,1,UPI,18.4,Delivered,4.7,19,Monday
101430,1282,Zomato,Bengaluru,Curry Leaf,North Indian,2025-02-14 12:49:00,315.52,30.0,1,Credit Card,47.4,Delivered,4.3,12,Friday
100121,1401,Swiggy,Bengaluru,Domino's,Pizza,2025-04-11 19:12:00,333.15,20.0,0,Credit Card,29.6,Delivered,5.0,19,Friday
100661,1440,Zomato,Kolkata,Paradise Biryani,Biryani,2025-06-18 21:29:00,207.38,40.0,1,UPI,36.4,Delivered,4.1,21,Wednesday
100274,1250,Swiggy,Delhi,Dilli Darbar,North Indian,2025-05-29 12:32:00,374.65,30.0,0,UPI,40.6,Delivered,4.4,12,Thursday
100433,1078,Swiggy,Bengaluru,Tandoor Nights,North Indian,2025-05-25 18:59:00,317.65,49.0,0,Debit Card,49.2,Delivered,4.4,18,Sunday
100811,1527,Swiggy,Chennai,Paradise Biryani,Biryani,2025-07-16 18:54:00,338.19,49.0,0,Wallet,40.9,Delivered,3.8,18,Wednesday
101300,1455,Uber Eats,Hyderabad,Oven Story,Pizza,2025-02-03 11:29:00,584.22,30.0,1,Cash on Delivery,31.5,Delivered,4.1,11,Monday
101335,1599,Zomato,Chennai,Dilli Darbar,North Indian,2025-02-06 19:21:00,396.11,49.0,1,Cash on Delivery,32.5,Delivered,4.6,19,Thursday
101884,1370,Zomato,Pune,Chaayos,Beverages,2025-05-01 23:17:00,132.69,40.0,0,UPI,32.2,Delivered,4.3,23,Thursday
101907,1096,Swiggy,Chennai,McDonald's,Fast Food,2025-06-03 19:11:00,313.75,30.0,0,Cash on Delivery,31.2,Delivered,4.8,19,Tuesday
101570,1047,Swiggy,Bengaluru,Chowman,Chinese,2025-07-27 15:33:00,434.38,0.0,1,UPI,46.8,Delivered,4.2,15,Sunday
100181,1091,Swiggy,Bengaluru,Dilli Darbar,North Indian,2025-06-14 12:39:00,361.13,20.0,0,Cash on Delivery,16.9,Delivered,4.7,12,Saturday
100184,1297,Swiggy,Chennai,Hyderabad House,Biryani,2025-03-25 19:17:00,395.95,30.0,1,UPI,26.5,Delivered,4.8,19,Tuesday
100406,1260,Uber Eats,Hyderabad,Tandoor Nights,North Indian,2025-05-22 08:47:00,437.26,30.0,0,UPI,41.4,Delivered,4.0,8,Thursday
100865,1418,Zomato,Bengaluru,Oven Story,Pizza,2025-07-24 19:39:00,394.17,40.0,0,Credit Card,38.2,Delivered,5.0,19,Thursday
101630,1343,Swiggy,Bengaluru,Wok This Way,Chinese,2025-07-21 18:59:00,479.22,40.0,1,Cash on Delivery,43.4,Delivered,4.3,18,Monday
100520,1214,Swiggy,Hyderabad,Curry Leaf,North Indian,2025-05-09 12:50:00,281.1,0.0,0,Debit Card,,Cancelled,,12,Friday
101003,1531,Zomato,Bengaluru,Hyderabad House,Biryani,2025-04-10 13:00:00,319.05,20.0,0,UPI,71.3,Delayed,3.3,13,Thursday
100380,1003,Swiggy,Bengaluru,Pizza Hut,Pizza,2025-05-02 08:35:00,363.18,20.0,1,Credit Card,53.7,Delivered,4.3,8,Friday
101434,1191,Zomato,Mumbai,Sangeetha,South Indian,2025-05-21 15:15:00,195.27,30.0,0,Cash on Delivery,51.5,Delivered,4.1,15,Wednesday
101658,1503,Swiggy,Mumbai,Theobroma,Desserts,2025-06-14 18:29:00,251.46,20.0,1,Wallet,48.7,Delivered,4.3,18,Saturday
101393,1445,Swiggy,Mumbai,Biryani Zone,Biryani,2025-02-26 22:16:00,234.3,20.0,1,UPI,31.6,Delivered,5.0,22,Wednesday
101424,1153,Uber Eats,Mumbai,Hyderabad House,Biryani,2025-06-11 13:12:00,402.6,30.0,1,Debit Card,50.1,Delivered,4.2,13,Wednesday
101612,1402,Zomato,Delhi,Murugan Idli Shop,South Indian,2025-07-06 20:03:00,146.28,0.0,0,Debit Card,38.2,Delivered,4.2,20,Sunday
100427,1482,Swiggy,Pune,KFC,Fast Food,2025-05-11 09:33:00,243.88,40.0,0,UPI,35.6,Delivered,4.7,9,Sunday
100078,1338,Zomato,Mumbai,Punjabi Tadka,North Indian,2025-04-07 20:52:00,382.28,30.0,0,Wallet,51.3,Delivered,4.2,20,Monday
101597,1435,Swiggy,Chennai,Pizza Hut,Pizza,2025-07-18 19:21:00,487.25,30.0,0,UPI,46.1,Delivered,3.8,19,Friday
101009,1312,Zomato,Mumbai,KFC,Fast Food,2025-03-11 21:05:00,201.45,40.0,0,UPI,,Cancelled,,21,Tuesday
101990,1318,Zomato,Chennai,Paradise Biryani,Biryani,2025-05-02 10:48:00,381.74,0.0,0,UPI,,Cancelled,,10,Friday
101661,1366,Swiggy,Kolkata,Subway,Fast Food,2025-06-04 22:00:00,339.7,30.0,0,Cash on Delivery,30.6,Delivered,4.3,22,Wednesday
100607,1308,Swiggy,Bengaluru,Saravana Bhavan,South Indian,2025-03-01 19:15:00,238.59,30.0,0,Cash on Delivery,79.0,Delayed,3.9,19,Saturday
101800,1034,Uber Eats,Hyderabad,Dilli Darbar,North Indian,2025-04-14 18:24:00,298.66,20.0,1,UPI,33.9,Delivered,5.0,18,Monday
101839,1331,Swiggy,Chennai,Chai Point,Beverages,2025-02-27 20:53:00,153.7,30.0,0,Wallet,42.9,Delivered,3.8,20,Thursday
101057,1463,Zomato,Coimbatore,Saravana Bhavan,South Indian,2025-02-16 20:33:00,114.37,20.0,0,Wallet,36.9,Delivered,4.3,20,Sunday
101440,1467,Uber Eats,Chennai,Saravana Bhavan,South Indian,2025-02-09 13:31:00,214.02,30.0,1,Credit Card,25.4,Delivered,4.7,13,Sunday
101514,1148,Swiggy,Chennai,Hyderabad House,Biryani,2025-07-04 20:32:00,399.06,0.0,1,UPI,24.5,Delivered,4.6,20,Friday
101585,1190,Swiggy,Delhi,Domino's,Pizza,2025-03-06 12:57:00,495.01,0.0,0,Wallet,77.2,Delayed,4.1,12,Thursday
101091,1268,Zomato,Delhi,Biryani Zone,Biryani,2025-07-20 12:16:00,353.57,40.0,0,Credit Card,15.2,Delivered,5.0,12,Sunday
101560,1174,Zomato,Coimbatore,Punjabi Tadka,North Indian,2025-07-16 20:08:00,286.45,40.0,0,Debit Card,23.7,Delivered,4.9,20,Wednesday
101101,1281,Swiggy,Mumbai,Chennai Biryani Hub,Biryani,2025-07-30 18:40:00,422.57,0.0,0,Credit Card,55.7,Delivered,4.1,18,Wednesday
101129,1389,Swiggy,Kolkata,Biryani Zone,Biryani,2025-07-19 12:27:00,248.26,40.0,1,Debit Card,46.1,Delivered,4.7,12,Saturday
101235,1207,Uber Eats,Chennai,Hyderabad House,Biryani,2025-06-20 15:02:00,331.92,40.0,0,UPI,38.1,Delivered,4.7,15,Friday
101782,1014,Zomato,Kolkata,Saravana Bhavan,South Indian,2025-06-05 21:13:00,117.85,0.0,0,Debit Card,45.5,Delivered,3.8,21,Thursday
100958,1582,Zomato,Chennai,Mainland China,Chinese,2025-07-10 14:24:00,387.57,0.0,1,UPI,30.7,Delivered,4.8,14,Thursday
101662,1111,Swiggy,Hyderabad,Biryani Zone,Biryani,2025-04-02 20:33:00,324.36,20.0,0,UPI,29.5,Delivered,4.8,20,Wednesday
100559,1510,Zomato,Hyderabad,Hyderabad House,Biryani,2025-03-11 13:18:00,301.73,40.0,1,Wallet,26.2,Delivered,4.7,13,Tuesday
100846,1093,Swiggy,Delhi,EatFit,Healthy Food,2025-03-31 12:25:00,275.39,30.0,0,Cash on Delivery,28.8,Delivered,5.0,12,Monday
101868,1018,Uber Eats,Hyderabad,Mainland China,Chinese,2025-07-11 08:28:00,156.04,30.0,0,UPI,48.0,Delivered,4.3,8,Friday
100690,1597,Zomato,Chennai,Murugan Idli Shop,South Indian,2025-05-23 21:17:00,227.56,0.0,0,Credit Card,35.2,Delivered,4.2,21,Friday
101519,1276,Swiggy,Bengaluru,Oven Story,Pizza,2025-05-31 15:31:00,236.25,20.0,0,Unknown,39.3,Delivered,4.5,15,Saturday
101955,1240,Swiggy,Bengaluru,Curry Leaf,North Indian,2025-03-05 20:35:00,484.26,30.0,1,Credit Card,36.0,Delivered,4.2,20,Wednesday
101882,1106,Zomato,Mumbai,Tandoor Nights,North Indian,2025-07-13 15:32:00,393.27,40.0,1,Debit Card,38.0,Delivered,4.8,15,Sunday
100436,1340,Swiggy,Bengaluru,Subway,Fast Food,2025-07-21 17:01:00,238.61,49.0,0,UPI,59.3,Delivered,4.4,17,Monday
100490,1559,Swiggy,Mumbai,Oven Story,Pizza,2025-06-03 09:29:00,245.1,49.0,1,UPI,31.1,Delivered,4.8,9,Tuesday
101854,1064,Zomato,Chennai,Hyderabad House,Biryani,2025-04-01 13:48:00,237.78,20.0,0,UPI,29.4,Delivered,4.0,13,Tuesday
101629,1076,Swiggy,Bengaluru,Wok This Way,Chinese,2025-02-19 18:29:00,409.31,30.0,1,Debit Card,39.6,Delivered,4.6,18,Wednesday
101387,1195,Swiggy,Chennai,Paradise Biryani,Biryani,2025-04-10 14:49:00,414.67,0.0,0,Cash on Delivery,28.7,Delivered,4.8,14,Thursday
100069,1281,Swiggy,Hyderabad,Sangeetha,South Indian,2025-07-04 12:37:00,195.85,40.0,0,Wallet,42.3,Delivered,4.1,12,Friday
101572,1440,Zomato,Chennai,Mainland China,Chinese,2025-07-13 13:35:00,409.42,30.0,1,UPI,47.4,Delivered,4.5,13,Sunday
101184,1252,Zomato,Kolkata,Chennai Biryani Hub,Biryani,2025-04-13 14:55:00,255.74,20.0,0,Cash on Delivery,35.5,Delivered,4.4,14,Sunday
100011,1585,Zomato,Kolkata,Saravana Bhavan,South Indian,2025-04-19 11:46:00,243.91,0.0,0,Debit Card,32.3,Delivered,4.3,11,Saturday
100144,1595,Swiggy,Pune,Oven Story,Pizza,2025-03-05 13:58:00,489.56,20.0,0,Debit Card,19.1,Delivered,5.0,13,Wednesday
100917,1470,Zomato,Mumbai,Baskin Robbins,Desserts,2025-07-22 12:28:00,156.63,40.0,1,UPI,27.0,Delivered,4.8,12,Tuesday
101541,1144,Swiggy,Chennai,Domino's,Pizza,2025-06-29 18:20:00,421.69,30.0,0,Wallet,18.9,Delivered,4.7,18,Sunday
101451,1024,Zomato,Coimbatore,Pizza Hut,Pizza,2025-05-31 19:36:00,387.91,49.0,0,UPI,61.2,Delayed,3.8,19,Saturday
100639,1569,Zomato,Hyderabad,Saravana Bhavan,South Indian,2025-04-13 14:39:00,241.83,49.0,0,UPI,33.1,Delivered,4.2,14,Sunday
100176,1430,Zomato,Pune,Paradise Biryani,Biryani,2025-02-27 16:42:00,404.07,30.0,1,Debit Card,32.0,Delivered,4.5,16,Thursday
100994,1317,Zomato,Bengaluru,Murugan Idli Shop,South Indian,2025-02-14 12:06:00,224.64,0.0,1,UPI,59.6,Delivered,4.4,12,Friday
100440,1583,Swiggy,Bengaluru,Biryani Zone,Biryani,2025-03-08 20:58:00,384.07,30.0,1,Cash on Delivery,45.0,Delivered,4.0,20,Saturday
100521,1087,Zomato,Pune,La Pino'z,Pizza,2025-02-19 23:07:00,604.48,40.0,1,UPI,38.1,Delivered,4.1,23,Wednesday
101998,1168,Uber Eats,Bengaluru,KFC,Fast Food,2025-04-18 18:29:00,191.19,30.0,1,UPI,24.5,Delivered,4.7,18,Friday
101959,1112,Uber Eats,Delhi,Chai Point,Beverages,2025-06-13 12:16:00,114.55,30.0,0,UPI,27.2,Delivered,5.0,12,Friday
101712,1527,Swiggy,Mumbai,Pizza Hut,Pizza,2025-04-12 12:57:00,580.84,0.0,0,Wallet,27.6,Delivered,5.0,12,Saturday
101004,1076,Swiggy,Hyderabad,Hyderabad House,Biryani,2025-06-01 21:31:00,269.75,20.0,0,UPI,31.7,Delivered,4.9,21,Sunday
101255,1050,Zomato,Chennai,Starbucks,Beverages,2025-03-30 14:32:00,163.71,20.0,0,UPI,31.2,Delivered,4.7,14,Sunday
101234,1382,Zomato,Chennai,Tandoor Nights,North Indian,2025-06-11 19:32:00,450.81,0.0,1,UPI,37.8,Delivered,4.4,19,Wednesday
101664,1315,Zomato,Mumbai,Pizza Hut,Pizza,2025-03-28 14:41:00,316.72,20.0,0,UPI,39.8,Delivered,4.4,14,Friday
100143,1245,Zomato,Chennai,Chaayos,Beverages,2025-07-15 13:34:00,110.27,0.0,0,UPI,35.5,Delivered,4.2,13,Tuesday
100753,1561,Zomato,Delhi,Baskin Robbins,Desserts,2025-05-19 20:58:00,204.91,20.0,1,Cash on Delivery,28.4,Delivered,4.8,20,Monday
100519,1356,Swiggy,Delhi,Sangeetha,South Indian,2025-05-15 18:01:00,257.7,20.0,1,UPI,67.8,Delayed,4.1,18,Thursday
101821,1458,Zomato,Bengaluru,Starbucks,Beverages,2025-03-09 20:21:00,164.63,0.0,0,Wallet,29.7,Delivered,4.7,20,Sunday
101322,1329,Swiggy,Mumbai,McDonald's,Fast Food,2025-02-10 13:19:00,404.81,30.0,0,UPI,48.3,Delivered,3.9,13,Monday
100822,1081,Zomato,Hyderabad,Sweet Truth,Desserts,2025-03-20 13:07:00,164.64,40.0,0,Debit Card,41.6,Delivered,4.4,13,Thursday
100428,1015,Zomato,Kolkata,Third Wave Coffee,Beverages,2025-02-03 15:56:00,124.38,20.0,1,Wallet,36.5,Delivered,4.5,15,Monday
100612,1470,Zomato,Mumbai,Domino's,Pizza,2025-03-23 13:38:00,389.61,40.0,0,Debit Card,33.9,Delivered,4.3,13,Sunday
101505,1145,Swiggy,Bengaluru,Chennai Biryani Hub,Biryani,2025-03-22 17:58:00,339.0,30.0,0,Debit Card,56.2,Delivered,4.0,17,Saturday
101032,1438,Swiggy,Mumbai,Paradise Biryani,Biryani,2025-04-30 13:16:00,390.35,49.0,0,UPI,83.4,Delayed,3.8,13,Wednesday
100156,1075,Swiggy,Chennai,Pizza Hut,Pizza,2025-07-08 13:18:00,354.04,0.0,0,Wallet,44.6,Delivered,4.8,13,Tuesday
100539,1012,Swiggy,Bengaluru,Biryani Zone,Biryani,2025-07-29 11:51:00,459.66,0.0,0,UPI,57.6,Delayed,4.2,11,Tuesday
101530,1053,Zomato,Delhi,Pizza Hut,Pizza,2025-03-07 20:04:00,779.38,20.0,0,Credit Card,44.3,Delivered,4.5,20,Friday
101460,1474,Uber Eats,Hyderabad,La Pino'z,Pizza,2025-05-10 16:52:00,426.03,40.0,0,Wallet,42.3,Delivered,4.5,16,Saturday
101290,1140,Uber Eats,Chennai,China Town,Chinese,2025-05-01 21:46:00,442.1,30.0,1,UPI,32.6,Delivered,3.9,21,Thursday
100461,1084,Zomato,Delhi,Biryani Zone,Biryani,2025-03-21 19:44:00,195.12,40.0,1,Debit Card,44.6,Delivered,4.4,19,Friday
100576,1555,Zomato,Pune,Coastal Feast,Seafood,2025-03-03 18:19:00,480.45,20.0,1,UPI,39.6,Delivered,4.0,18,Monday
101362,1210,Zomato,Mumbai,Murugan Idli Shop,South Indian,2025-03-23 12:20:00,223.48,49.0,0,Debit Card,,Cancelled,,12,Sunday
100255,1086,Zomato,Pune,Burger King,Fast Food,2025-07-02 15:58:00,169.0,20.0,1,UPI,24.3,Delivered,4.8,15,Wednesday
100979,1339,Swiggy,Mumbai,China Town,Chinese,2025-03-22 17:36:00,372.39,40.0,0,Debit Card,26.0,Delivered,4.7,17,Saturday
101185,1184,Swiggy,Pune,Cream Stone,Desserts,2025-05-11 18:15:00,113.86,20.0,1,Wallet,37.2,Delivered,4.3,18,Sunday
101006,1510,Zomato,Hyderabad,Mainland China,Chinese,2025-03-08 14:05:00,375.43,0.0,1,UPI,25.9,Delivered,4.5,14,Saturday
101521,1426,Zomato,Hyderabad,Dilli Darbar,North Indian,2025-06-02 16:26:00,297.57,0.0,0,Debit Card,29.4,Delivered,4.6,16,Monday
101689,1056,Zomato,Delhi,Punjabi Tadka,North Indian,2025-05-13 14:51:00,317.2,0.0,0,UPI,28.2,Delivered,5.0,14,Tuesday
100560,1321,Uber Eats,Delhi,Chaayos,Beverages,2025-07-04 12:18:00,166.18,30.0,1,Unknown,62.6,Delivered,3.9,12,Friday
100208,1158,Swiggy,Chennai,Chennai Biryani Hub,Biryani,2025-05-25 09:18:00,287.65,40.0,0,Debit Card,40.6,Delivered,4.5,9,Sunday
100910,1462,Swiggy,Hyderabad,Green Bowl,Healthy Food,2025-07-05 15:04:00,201.58,20.0,0,UPI,32.9,Delivered,4.7,15,Saturday
101311,1208,Swiggy,Pune,Subway,Fast Food,2025-07-09 13:58:00,284.405,40.0,1,Credit Card,30.3,Delivered,3.7,13,Wednesday
100001,1464,Zomato,Mumbai,Wok This Way,Chinese,2025-03-22 13:59:00,221.79,0.0,0,Wallet,40.6,Delivered,4.3,13,Saturday
101365,1010,Zomato,Chennai,Dilli Darbar,North Indian,2025-06-27 12:14:00,572.11,30.0,1,UPI,,Cancelled,,12,Friday
100269,1354,Zomato,Chennai,Saravana Bhavan,South Indian,2025-04-02 20:39:00,289.67,49.0,1,UPI,44.4,Delivered,4.1,20,Wednesday
100265,1348,Zomato,Bengaluru,Paradise Biryani,Biryani,2025-02-06 18:52:00,370.8,0.0,0,Wallet,46.6,Delivered,4.3,18,Thursday
100914,1355,Swiggy,Bengaluru,Oven Story,Pizza,2025-03-19 07:56:00,467.0,30.0,0,UPI,66.8,Delayed,3.7,7,Wednesday
100230,1277,Swiggy,Hyderabad,KFC,Fast Food,2025-06-23 11:20:00,343.41,20.0,0,UPI,38.0,Delivered,4.4,11,Monday
101993,1383,Zomato,Bengaluru,Sangeetha,South Indian,2025-04-30 14:50:00,286.72,20.0,1,UPI,42.6,Delivered,4.3,14,Wednesday
101119,1295,Swiggy,Hyderabad,Chennai Biryani Hub,Biryani,2025-03-22 11:11:00,341.95,49.0,1,Wallet,40.2,Delivered,4.2,11,Saturday
101987,1127,Zomato,Chennai,Chennai Biryani Hub,Biryani,2025-06-08 22:25:00,270.36,40.0,1,Cash on Delivery,41.4,Delivered,4.7,22,Sunday
100864,1507,Zomato,Kolkata,Wok This Way,Chinese,2025-05-15 10:04:00,263.42,49.0,1,UPI,23.4,Delivered,4.8,10,Thursday
101066,1555,Zomato,Bengaluru,Tandoor Nights,North Indian,2025-04-30 11:44:00,352.48,30.0,0,UPI,,Cancelled,,11,Wednesday
100873,1074,Uber Eats,Chennai,Paradise Biryani,Biryani,2025-05-05 13:02:00,156.99,30.0,1,Cash on Delivery,30.9,Delivered,4.9,13,Monday
100398,1168,Zomato,Delhi,Chowman,Chinese,2025-02-15 18:17:00,384.41,40.0,1,Wallet,,Cancelled,,18,Saturday
101842,1489,Swiggy,Bengaluru,Theobroma,Desserts,2025-02-27 13:38:00,152.68,40.0,0,UPI,32.6,Delivered,4.6,13,Thursday
101652,1031,Zomato,Chennai,Chowman,Chinese,2025-04-20 21:57:00,318.09,30.0,1,UPI,26.7,Delivered,4.3,21,Sunday
100045,1582,Swiggy,Coimbatore,Coastal Feast,Seafood,2025-02-14 12:10:00,673.43,20.0,0,UPI,43.1,Delivered,4.5,12,Friday
100161,1398,Zomato,Coimbatore,Starbucks,Beverages,2025-03-02 13:43:00,159.04,49.0,0,Credit Card,19.8,Delivered,4.6,13,Sunday
100991,1329,Zomato,Hyderabad,Wok This Way,Chinese,2025-07-04 23:27:00,225.72,20.0,0,UPI,15.8,Delivered,5.0,23,Friday
100727,1052,Zomato,Bengaluru,La Pino'z,Pizza,2025-07-20 10:20:00,538.5,0.0,0,UPI,35.0,Delivered,3.8,10,Sunday
100629,1219,Swiggy,Chennai,Pizza Hut,Pizza,2025-06-10 21:22:00,464.76,0.0,0,Wallet,39.9,Delivered,4.4,21,Tuesday
100288,1325,Zomato,Chennai,La Pino'z,Pizza,2025-06-12 12:13:00,481.35,0.0,0,UPI,48.6,Delivered,4.4,12,Thursday
101613,1415,Zomato,Hyderabad,Chennai Biryani Hub,Biryani,2025-03-21 18:42:00,255.57,49.0,1,UPI,42.8,Delivered,4.3,18,Friday
101059,1186,Swiggy,Pune,McDonald's,Fast Food,2025-07-26 12:38:00,215.84,40.0,0,Cash on Delivery,37.4,Delivered,4.3,12,Saturday
101971,1552,Zomato,Chennai,Punjabi Tadka,North Indian,2025-03-30 10:37:00,220.9,49.0,0,UPI,34.7,Delivered,4.7,10,Sunday
100575,1224,Swiggy,Bengaluru,Paradise Biryani,Biryani,2025-02-06 17:58:00,233.41,0.0,0,Credit Card,,Delivered,3.6,17,Thursday
100850,1588,Swiggy,Hyderabad,Coastal Feast,Seafood,2025-06-02 18:16:00,514.53,40.0,1,UPI,41.5,Delivered,4.4,18,Monday
101339,1244,Swiggy,Pune,Wok This Way,Chinese,2025-04-03 19:08:00,288.57,20.0,1,UPI,46.5,Delivered,3.6,19,Thursday
100911,1110,Swiggy,Hyderabad,Hyderabad House,Biryani,2025-07-30 13:19:00,251.68,20.0,0,Credit Card,30.0,Delivered,4.7,13,Wednesday
101254,1389,Uber Eats,Pune,Third Wave Coffee,Beverages,2025-03-10 19:49:00,80.0,40.0,0,Cash on Delivery,49.6,Delivered,4.1,19,Monday
101722,1391,Swiggy,Bengaluru,Curry Leaf,North Indian,2025-05-20 21:12:00,416.67,20.0,0,Credit Card,47.4,Delivered,4.4,21,Tuesday
101906,1177,Uber Eats,Pune,Baskin Robbins,Desserts,2025-02-27 11:42:00,202.52,20.0,1,Credit Card,18.6,Delivered,4.8,11,Thursday
101735,1478,Zomato,Delhi,FreshMenu,Healthy Food,2025-03-02 13:57:00,251.6,30.0,0,Credit Card,,Cancelled,,13,Sunday
100932,1154,Zomato,Hyderabad,Oven Story,Pizza,2025-02-07 12:52:00,273.95,30.0,1,UPI,39.6,Delivered,3.9,12,Friday
101100,1287,Zomato,Bengaluru,Saravana Bhavan,South Indian,2025-05-24 11:13:00,167.39,40.0,1,UPI,33.8,Delivered,4.3,11,Saturday
101657,1524,Zomato,Chennai,Salad Days,Healthy Food,2025-06-27 21:50:00,236.33,20.0,0,UPI,46.1,Delivered,4.6,21,Friday
101207,1432,Swiggy,Chennai,Oven Story,Pizza,2025-03-21 18:24:00,576.63,0.0,0,UPI,20.9,Delivered,5.0,18,Friday
100247,1249,Swiggy,Pune,La Pino'z,Pizza,2025-03-12 14:05:00,631.83,0.0,0,UPI,42.6,Delivered,5.0,14,Wednesday
100476,1508,Swiggy,Pune,La Pino'z,Pizza,2025-06-29 13:06:00,403.37,49.0,0,Cash on Delivery,33.2,Delivered,4.2,13,Sunday
101694,1096,Uber Eats,Bengaluru,Curry Leaf,North Indian,2025-02-26 11:06:00,276.82,30.0,0,Credit Card,46.2,Delivered,4.6,11,Wednesday
100085,1420,Zomato,Bengaluru,Punjabi Tadka,North Indian,2025-04-26 20:31:00,465.89,40.0,0,Cash on Delivery,52.2,Delivered,4.0,20,Saturday
100469,1559,Swiggy,Coimbatore,Hyderabad House,Biryani,2025-06-02 18:54:00,339.57,20.0,0,UPI,29.0,Delivered,4.9,18,Monday
100225,1183,Uber Eats,Pune,Tandoor Nights,North Indian,2025-02-01 12:28:00,474.96,49.0,0,UPI,35.9,Delivered,4.0,12,Saturday
100774,1507,Zomato,Pune,La Pino'z,Pizza,2025-05-09 21:43:00,351.2,30.0,1,Debit Card,57.2,Delivered,3.8,21,Friday
100331,1222,Zomato,Bengaluru,Sweet Truth,Desserts,2025-02-12 18:35:00,272.5,0.0,0,Debit Card,38.1,Delivered,4.5,18,Wednesday
100233,1455,Zomato,Chennai,Dilli Darbar,North Indian,2025-03-14 17:53:00,476.51,0.0,1,Debit Card,44.3,Delivered,4.1,17,Friday
100588,1502,Swiggy,Delhi,Tandoor Nights,North Indian,2025-03-15 17:52:00,401.69,0.0,0,Credit Card,32.4,Delivered,4.9,17,Saturday
100475,1470,Zomato,Hyderabad,Hyderabad House,Biryani,2025-06-23 15:46:00,471.02,40.0,0,UPI,24.6,Delivered,4.8,15,Monday
101284,1229,Swiggy,Kolkata,McDonald's,Fast Food,2025-07-16 12:47:00,234.09,30.0,0,Unknown,20.0,Delivered,5.0,12,Wednesday
101885,1107,Swiggy,Pune,EatFit,Healthy Food,2025-06-19 18:28:00,184.27,0.0,0,Wallet,33.2,Delivered,4.4,18,Thursday
100599,1385,Swiggy,Hyderabad,Tandoor Nights,North Indian,2025-07-06 13:25:00,344.65,40.0,0,UPI,,Cancelled,,13,Sunday
100421,1416,Zomato,Bengaluru,Tandoor Nights,North Indian,2025-06-11 19:33:00,463.58,0.0,1,Cash on Delivery,51.9,Delivered,4.2,19,Wednesday
101711,1281,Swiggy,Bengaluru,Subway,Fast Food,2025-05-19 20:40:00,191.5,0.0,1,UPI,42.7,Delivered,4.1,20,Monday
100182,1298,Swiggy,Hyderabad,Hyderabad House,Biryani,2025-05-14 18:33:00,444.13,0.0,0,Credit Card,19.9,Delivered,5.0,18,Wednesday
100988,1147,Uber Eats,Coimbatore,FreshMenu,Healthy Food,2025-06-18 12:34:00,239.18,40.0,0,UPI,43.9,Delivered,4.8,12,Wednesday
101000,1484,Zomato,Delhi,Punjabi Tadka,North Indian,2025-07-19 10:09:00,345.9,0.0,1,Wallet,46.9,Delivered,4.5,10,Saturday
101641,1030,Zomato,Chennai,KFC,Fast Food,2025-07-29 13:56:00,497.59,20.0,0,UPI,31.7,Delivered,4.4,13,Tuesday
101356,1206,Zomato,Coimbatore,Domino's,Pizza,2025-04-14 20:44:00,362.97,49.0,0,Wallet,28.1,Delivered,4.3,20,Monday
101462,1028,Swiggy,Bengaluru,Chowman,Chinese,2025-04-15 12:32:00,317.37,0.0,0,UPI,50.7,Delivered,4.4,12,Tuesday
100049,1467,Swiggy,Bengaluru,Ocean Kitchen,Seafood,2025-07-05 13:34:00,512.22,20.0,0,Debit Card,32.9,Delivered,4.1,13,Saturday
101892,1527,Zomato,Hyderabad,Hyderabad House,Biryani,2025-04-21 11:30:00,308.03,30.0,1,UPI,38.3,Delivered,4.4,11,Monday
101029,1200,Zomato,Kolkata,Hyderabad House,Biryani,2025-02-28 14:34:00,242.7,30.0,0,UPI,39.5,Delayed,4.2,14,Friday
100529,1552,Swiggy,Hyderabad,KFC,Fast Food,2025-03-19 13:16:00,310.36,30.0,0,UPI,36.1,Delivered,4.9,13,Wednesday
101258,1324,Swiggy,Coimbatore,Dilli Darbar,North Indian,2025-05-17 11:38:00,515.81,40.0,0,UPI,32.7,Delivered,4.5,11,Saturday
100486,1200,Uber Eats,Delhi,KFC,Fast Food,2025-07-29 18:07:00,251.96,49.0,0,Wallet,21.6,Delivered,4.4,18,Tuesday
101968,1503,Zomato,Chennai,Murugan Idli Shop,South Indian,2025-02-09 15:33:00,226.47,20.0,1,UPI,35.3,Delivered,4.2,15,Sunday
100497,1224,Zomato,Delhi,La Pino'z,Pizza,2025-03-30 20:12:00,508.46,40.0,0,Wallet,43.6,Delivered,4.3,20,Sunday
101646,1206,Zomato,Kolkata,Biryani Zone,Biryani,2025-02-07 21:37:00,204.4,30.0,0,UPI,37.7,Delivered,4.0,21,Friday
100106,1468,Swiggy,Bengaluru,Chennai Biryani Hub,Biryani,2025-05-29 19:51:00,164.25,40.0,0,UPI,48.1,Delivered,4.2,19,Thursday
100443,1293,Swiggy,Bengaluru,Baskin Robbins,Desserts,2025-06-28 19:30:00,245.2,40.0,1,UPI,18.5,Delivered,5.0,19,Saturday
101512,1446,Swiggy,Pune,Hyderabad House,Biryani,2025-02-08 18:54:00,392.49,49.0,1,UPI,19.9,Delivered,4.8,18,Saturday
100646,1276,Swiggy,Bengaluru,Dosa Plaza,South Indian,2025-05-12 22:37:00,228.42,20.0,0,Debit Card,37.8,Delivered,4.6,22,Monday
101036,1541,Uber Eats,Bengaluru,Starbucks,Beverages,2025-04-10 14:01:00,205.67,0.0,1,Wallet,35.3,Delivered,4.7,14,Thursday
101762,1006,Swiggy,Kolkata,Chai Point,Beverages,2025-03-23 16:25:00,102.27,30.0,1,Cash on Delivery,13.9,Delivered,4.9,16,Sunday
100726,1432,Swiggy,Coimbatore,Mainland China,Chinese,2025-04-14 20:29:00,416.36,40.0,1,Wallet,28.3,Delivered,4.6,20,Monday
100190,1410,Swiggy,Chennai,Sangeetha,South Indian,2025-04-26 19:56:00,229.72,0.0,1,Debit Card,72.0,Delayed,3.4,19,Saturday
101788,1283,Uber Eats,Chennai,Cream Stone,Desserts,2025-02-20 13:12:00,196.76,40.0,0,UPI,19.2,Delivered,4.5,13,Thursday
101856,1224,Zomato,Hyderabad,Domino's,Pizza,2025-06-15 22:58:00,569.51,0.0,0,Debit Card,30.1,Delivered,4.4,22,Sunday
100282,1402,Swiggy,Bengaluru,Coastal Feast,Seafood,2025-07-01 23:09:00,524.19,30.0,1,UPI,38.0,Delivered,4.0,23,Tuesday
100029,1266,Swiggy,Bengaluru,Paradise Biryani,Biryani,2025-07-10 09:37:00,240.86,30.0,1,Credit Card,41.7,Delivered,4.5,9,Thursday
100169,1013,Swiggy,Mumbai,Oven Story,Pizza,2025-07-13 21:49:00,423.18,20.0,1,UPI,37.5,Delivered,5.0,21,Sunday
101001,1442,Swiggy,Bengaluru,Hyderabad House,Biryani,2025-03-17 17:28:00,234.04,40.0,1,UPI,27.2,Delivered,4.7,17,Monday
101204,1390,Swiggy,Delhi,Paradise Biryani,Biryani,2025-07-18 21:31:00,225.85,0.0,0,UPI,29.6,Delivered,4.9,21,Friday
100100,1499,Swiggy,Coimbatore,Dosa Plaza,South Indian,2025-06-09 13:09:00,126.31,0.0,1,UPI,62.1,Delayed,4.0,13,Monday
100197,1070,Zomato,Chennai,Punjabi Tadka,North Indian,2025-04-20 16:24:00,469.0,40.0,0,UPI,28.8,Delivered,4.8,16,Sunday
100495,1247,Zomato,Pune,Domino's,Pizza,2025-03-08 13:53:00,532.18,49.0,0,Credit Card,38.6,Delivered,4.3,13,Saturday
101745,1587,Zomato,Chennai,Biryani Zone,Biryani,2025-03-25 15:40:00,291.17,20.0,0,Cash on Delivery,,Cancelled,,15,Tuesday
100647,1321,Zomato,Bengaluru,Chennai Biryani Hub,Biryani,2025-04-28 13:28:00,403.86,20.0,1,UPI,54.7,Delivered,4.5,13,Monday
100987,1189,Zomato,Hyderabad,Punjabi Tadka,North Indian,2025-07-17 18:40:00,412.67,0.0,1,Wallet,52.7,Delayed,4.1,18,Thursday
100044,1040,Swiggy,Delhi,La Pino'z,Pizza,2025-02-15 07:30:00,474.84,30.0,1,Wallet,30.1,Delivered,4.4,7,Saturday
101952,1043,Swiggy,Bengaluru,Chennai Biryani Hub,Biryani,2025-03-20 19:30:00,430.32,40.0,1,Unknown,35.2,Delivered,4.5,19,Thursday
100710,1407,Zomato,Pune,Cream Stone,Desserts,2025-05-14 20:59:00,159.24,30.0,0,Debit Card,27.9,Delivered,5.0,20,Wednesday
100373,1224,Zomato,Chennai,Saravana Bhavan,South Indian,2025-06-17 19:08:00,181.21,30.0,1,UPI,52.4,Delivered,4.0,19,Tuesday
100678,1313,Uber Eats,Bengaluru,Theobroma,Desserts,2025-02-24 18:48:00,92.56,40.0,0,Cash on Delivery,42.7,Delivered,4.3,18,Monday
100566,1136,Swiggy,Pune,Chowman,Chinese,2025-05-18 16:57:00,265.16,49.0,0,Wallet,36.3,Delivered,4.4,16,Sunday
101672,1160,Swiggy,Chennai,Saravana Bhavan,South Indian,2025-06-24 17:47:00,235.52,0.0,0,Wallet,44.8,Delivered,4.1,17,Tuesday
100847,1030,Zomato,Delhi,Pizza Hut,Pizza,2025-02-06 18:34:00,477.36,30.0,0,Credit Card,39.8,Delivered,4.1,18,Thursday
100460,1433,Zomato,Hyderabad,Chowman,Chinese,2025-03-26 17:46:00,352.32,20.0,1,Wallet,47.5,Delayed,4.5,17,Wednesday
101437,1391,Zomato,Bengaluru,La Pino'z,Pizza,2025-07-15 20:07:00,681.32,40.0,1,Cash on Delivery,36.8,Delivered,4.2,20,Tuesday
101155,1352,Zomato,Chennai,Paradise Biryani,Biryani,2025-07-16 18:01:00,514.64,0.0,0,Wallet,30.3,Delivered,5.0,18,Wednesday
100039,1378,Swiggy,Mumbai,Theobroma,Desserts,2025-07-23 12:37:00,84.76,20.0,1,Cash on Delivery,35.1,Delivered,4.0,12,Wednesday
100434,1260,Swiggy,Chennai,Cream Stone,Desserts,2025-06-21 10:39:00,130.74,40.0,1,Cash on Delivery,28.3,Delivered,4.9,10,Saturday
100973,1284,Swiggy,Chennai,Coastal Feast,Seafood,2025-04-13 22:59:00,648.8,0.0,0,UPI,30.4,Delivered,4.8,22,Sunday
101239,1024,Zomato,Mumbai,Dosa Plaza,South Indian,2025-07-04 11:31:00,182.27,0.0,1,Wallet,51.5,Delivered,4.1,11,Friday
101007,1302,Swiggy,Chennai,Burger King,Fast Food,2025-05-21 12:54:00,209.62,0.0,0,Credit Card,40.3,Delivered,4.7,12,Wednesday
101579,1360,Uber Eats,Chennai,FreshMenu,Healthy Food,2025-06-24 20:44:00,221.43,0.0,0,UPI,32.1,Delivered,4.2,20,Tuesday
101590,1441,Zomato,Bengaluru,Domino's,Pizza,2025-06-06 19:28:00,457.43,30.0,0,Cash on Delivery,44.8,Delivered,3.9,19,Friday
101786,1118,Zomato,Bengaluru,Tandoor Nights,North Indian,2025-07-01 13:10:00,369.0,20.0,0,UPI,46.0,Delivered,4.4,13,Tuesday
101498,1280,Zomato,Pune,Tandoor Nights,North Indian,2025-02-16 19:01:00,358.63,0.0,0,Wallet,42.4,Delivered,4.2,19,Sunday
100456,1088,Swiggy,Kolkata,Chennai Biryani Hub,Biryani,2025-04-10 15:01:00,296.79,40.0,1,Wallet,21.9,Delivered,5.0,15,Thursday
101835,1082,Zomato,Pune,Paradise Biryani,Biryani,2025-06-27 13:03:00,416.64,20.0,0,UPI,30.1,Delivered,4.2,13,Friday
100260,1476,Swiggy,Chennai,Chowman,Chinese,2025-05-22 13:33:00,236.03,49.0,0,UPI,33.7,Delivered,4.3,13,Thursday
101840,1255,Zomato,Pune,Wok This Way,Chinese,2025-03-14 20:52:00,246.07,20.0,0,Credit Card,,Cancelled,,20,Friday
100035,1038,Zomato,Delhi,Paradise Biryani,Biryani,2025-07-11 22:25:00,367.89,20.0,1,Wallet,64.9,Delayed,3.7,22,Friday
100827,1538,Zomato,Bengaluru,Oven Story,Pizza,2025-02-16 16:15:00,362.99,20.0,0,Wallet,47.9,Delivered,3.7,16,Sunday
100309,1065,Uber Eats,Chennai,La Pino'z,Pizza,2025-06-07 13:18:00,511.9,20.0,0,Wallet,43.0,Delivered,4.4,13,Saturday
100276,1280,Swiggy,Hyderabad,Saravana Bhavan,South Indian,2025-07-16 21:17:00,207.82,40.0,0,UPI,31.1,Delivered,4.7,21,Wednesday
100636,1141,Swiggy,Pune,Domino's,Pizza,2025-04-22 19:36:00,460.91,20.0,1,UPI,57.5,Delayed,3.5,19,Tuesday
100622,1099,Zomato,Hyderabad,Wok This Way,Chinese,2025-07-14 14:07:00,404.02,20.0,1,UPI,,Cancelled,,14,Monday
101859,1441,Zomato,Bengaluru,Hyderabad House,Biryani,2025-07-08 14:48:00,198.51,20.0,0,Credit Card,48.1,Delivered,4.4,14,Tuesday
100844,1003,Swiggy,Coimbatore,Punjabi Tadka,North Indian,2025-06-19 19:38:00,405.75,40.0,0,Cash on Delivery,40.1,Delivered,4.2,19,Thursday
100393,1359,Swiggy,Chennai,Punjabi Tadka,North Indian,2025-06-13 14:23:00,342.81,20.0,0,Debit Card,50.0,Delivered,3.5,14,Friday
101769,1118,Uber Eats,Delhi,Punjabi Tadka,North Indian,2025-02-19 11:16:00,551.51,30.0,1,UPI,45.3,Delivered,3.9,11,Wednesday
100107,1398,Swiggy,Mumbai,Pizza Hut,Pizza,2025-05-01 11:33:00,635.35,30.0,0,Cash on Delivery,52.9,Delayed,3.6,11,Thursday
100349,1098,Swiggy,Bengaluru,Pizza Hut,Pizza,2025-02-20 10:07:00,635.45,20.0,0,UPI,38.5,Delivered,4.8,10,Thursday
100524,1191,Zomato,Hyderabad,La Pino'z,Pizza,2025-05-15 21:04:00,493.64,49.0,1,UPI,,Cancelled,,21,Thursday
100784,1286,Swiggy,Hyderabad,Domino's,Pizza,2025-03-09 13:29:00,270.65,20.0,1,Cash on Delivery,72.5,Delayed,3.7,13,Sunday
100047,1535,Zomato,Mumbai,Burger King,Fast Food,2025-04-17 19:41:00,146.68,30.0,1,Wallet,47.6,Delivered,4.2,19,Thursday
100203,1419,Zomato,Mumbai,Dilli Darbar,North Indian,2025-06-21 20:45:00,357.24,0.0,0,Credit Card,38.6,Delivered,4.8,20,Saturday
101655,1138,Uber Eats,Pune,Punjabi Tadka,North Indian,2025-05-24 12:12:00,413.22,30.0,1,Cash on Delivery,51.0,Delivered,4.0,12,Saturday
100021,1222,Zomato,Delhi,McDonald's,Fast Food,2025-06-13 20:06:00,188.96,40.0,0,UPI,52.7,Delivered,4.1,20,Friday
100402,1192,Uber Eats,Hyderabad,Dilli Darbar,North Indian,2025-02-11 22:30:00,317.2,0.0,1,Credit Card,49.7,Delivered,4.3,22,Tuesday
101107,1544,Uber Eats,Delhi,Paradise Biryani,Biryani,2025-06-02 20:40:00,185.95,0.0,0,UPI,50.8,Delivered,4.6,20,Monday
101154,1182,Zomato,Mumbai,Tandoor Nights,North Indian,2025-03-25 20:28:00,450.24,40.0,1,Credit Card,29.9,Delivered,4.6,20,Tuesday
101439,1573,Zomato,Bengaluru,Saravana Bhavan,South Indian,2025-07-17 18:52:00,267.67,30.0,0,UPI,49.6,Delivered,3.8,18,Thursday
100989,1472,Swiggy,Coimbatore,Curry Leaf,North Indian,2025-02-16 13:24:00,172.79,20.0,1,UPI,,Cancelled,,13,Sunday
101865,1242,Swiggy,Chennai,Punjabi Tadka,North Indian,2025-04-20 12:24:00,325.66,40.0,0,UPI,27.1,Delivered,4.6,12,Sunday
100741,1457,Swiggy,Chennai,Mainland China,Chinese,2025-07-14 16:14:00,337.2,30.0,1,Debit Card,23.4,Delivered,4.9,16,Monday
101721,1445,Zomato,Mumbai,Tandoor Nights,North Indian,2025-02-04 21:45:00,306.78,0.0,1,Wallet,38.3,Delivered,4.3,21,Tuesday
101310,1314,Uber Eats,Hyderabad,Paradise Biryani,Biryani,2025-07-23 18:39:00,331.45,20.0,1,UPI,37.8,Delivered,4.4,18,Wednesday
101147,1461,Uber Eats,Delhi,Pizza Hut,Pizza,2025-05-11 11:34:00,428.02,30.0,0,Credit Card,32.1,Delivered,3.7,11,Sunday
100033,1332,Uber Eats,Bengaluru,Saravana Bhavan,South Indian,2025-05-24 14:23:00,204.09,0.0,1,UPI,36.9,Delivered,4.3,14,Saturday
100787,1411,Zomato,Chennai,KFC,Fast Food,2025-05-12 19:39:00,256.06,20.0,0,Debit Card,24.4,Delivered,4.8,19,Monday
101540,1285,Zomato,Chennai,Chai Point,Beverages,2025-06-25 15:23:00,245.95,20.0,0,Wallet,36.4,Delivered,4.0,15,Wednesday
100923,1087,Swiggy,Kolkata,Oven Story,Pizza,2025-02-16 19:51:00,296.36,0.0,1,UPI,33.5,Delivered,4.8,19,Sunday
101043,1223,Uber Eats,Kolkata,Coastal Feast,Seafood,2025-02-02 19:03:00,553.43,0.0,1,Debit Card,36.6,Delivered,4.9,19,Sunday
101949,1192,Uber Eats,Delhi,Starbucks,Beverages,2025-03-11 21:03:00,137.14,30.0,0,Credit Card,37.5,Delivered,4.6,21,Tuesday
101243,1293,Swiggy,Hyderabad,Theobroma,Desserts,2025-07-08 12:12:00,178.17,40.0,0,UPI,37.9,Delivered,4.7,12,Tuesday
101915,1310,Swiggy,Pune,Burger King,Fast Food,2025-02-17 08:52:00,322.15,30.0,1,UPI,31.9,Delivered,4.5,8,Monday
100579,1061,Uber Eats,Chennai,Baskin Robbins,Desserts,2025-03-07 13:39:00,150.24,30.0,1,UPI,17.0,Delivered,5.0,13,Friday
100481,1497,Swiggy,Delhi,Hyderabad House,Biryani,2025-04-26 13:06:00,420.48,30.0,0,UPI,30.5,Delivered,4.3,13,Saturday
100931,1419,Zomato,Mumbai,Domino's,Pizza,2025-02-09 17:54:00,437.87,0.0,0,UPI,18.4,Delivered,4.7,17,Sunday
100356,1090,Zomato,Mumbai,Dosa Plaza,South Indian,2025-03-06 21:46:00,245.38,30.0,0,Debit Card,34.0,Delivered,4.6,21,Thursday
101685,1312,Zomato,Bengaluru,Punjabi Tadka,North Indian,2025-03-25 15:21:00,400.34,20.0,0,UPI,36.6,Delivered,4.7,15,Tuesday
101248,1195,Swiggy,Chennai,Dosa Plaza,South Indian,2025-07-09 19:55:00,178.36,20.0,0,Debit Card,40.1,Delivered,4.8,19,Wednesday
100759,1437,Uber Eats,Chennai,Biryani Zone,Biryani,2025-02-21 20:39:00,330.92,40.0,1,UPI,,Cancelled,,20,Friday
100092,1505,Swiggy,Pune,Punjabi Tadka,North Indian,2025-02-09 11:29:00,373.5,20.0,1,UPI,42.1,Delivered,4.1,11,Sunday
101175,1203,Zomato,Mumbai,Bay Bites,Seafood,2025-04-23 20:12:00,461.19,40.0,0,Wallet,45.7,Delivered,4.6,20,Wednesday
101415,1470,Swiggy,Delhi,Biryani Zone,Biryani,2025-07-21 20:18:00,274.58,40.0,0,Credit Card,44.4,Delivered,4.3,20,Monday
101341,1082,Swiggy,Chennai,Starbucks,Beverages,2025-02-10 19:36:00,203.01,30.0,1,UPI,13.9,Delivered,5.0,19,Monday
101472,1269,Zomato,Mumbai,Fish Land,Seafood,2025-03-03 13:16:00,603.98,49.0,1,UPI,45.7,Delivered,4.2,13,Monday
100803,1551,Zomato,Chennai,Saravana Bhavan,South Indian,2025-05-24 07:53:00,182.61,0.0,0,UPI,32.8,Delivered,4.7,7,Saturday
100745,1218,Zomato,Delhi,Hyderabad House,Biryani,2025-06-11 20:49:00,328.81,0.0,0,UPI,22.7,Delivered,4.0,20,Wednesday
101546,1412,Uber Eats,Coimbatore,Hyderabad House,Biryani,2025-06-18 19:02:00,419.76,49.0,0,Debit Card,10.7,Delivered,5.0,19,Wednesday
100279,1049,Zomato,Chennai,Baskin Robbins,Desserts,2025-07-11 23:46:00,116.46,40.0,0,UPI,51.1,Delayed,4.0,23,Friday
101607,1356,Swiggy,Chennai,Pizza Hut,Pizza,2025-07-22 19:06:00,445.01,30.0,0,Credit Card,32.9,Delivered,4.8,19,Tuesday
100764,1216,Swiggy,Chennai,Tandoor Nights,North Indian,2025-03-12 17:12:00,386.06,20.0,1,UPI,18.8,Delivered,5.0,17,Wednesday
100604,1495,Swiggy,Kolkata,Sangeetha,South Indian,2025-07-13 20:57:00,215.13,30.0,0,Debit Card,33.7,Delivered,5.0,20,Sunday
101373,1252,Swiggy,Chennai,Mainland China,Chinese,2025-07-21 10:20:00,387.25,20.0,1,Wallet,60.5,Delayed,4.5,10,Monday
101951,1364,Zomato,Delhi,Salad Days,Healthy Food,2025-06-21 11:13:00,316.12,49.0,1,Wallet,56.0,Delivered,4.2,11,Saturday
101398,1015,Swiggy,Chennai,Sangeetha,South Indian,2025-05-19 18:01:00,223.485,30.0,0,Cash on Delivery,31.0,Delivered,4.9,18,Monday
100400,1598,Swiggy,Chennai,China Town,Chinese,2025-06-22 15:59:00,490.38,20.0,1,Unknown,,Cancelled,,15,Sunday
101728,1266,Swiggy,Mumbai,Baskin Robbins,Desserts,2025-02-04 22:29:00,221.32,40.0,0,Debit Card,54.9,Delivered,4.1,22,Tuesday
100257,1062,Zomato,Bengaluru,Curry Leaf,North Indian,2025-07-15 11:33:00,198.23,30.0,0,UPI,42.3,Delivered,3.8,11,Tuesday
100944,1077,Zomato,Chennai,Biryani Zone,Biryani,2025-07-09 15:48:00,381.56,20.0,0,Cash on Delivery,62.8,Delayed,4.2,15,Wednesday
101875,1072,Swiggy,Mumbai,Sangeetha,South Indian,2025-05-28 13:24:00,246.17,0.0,0,UPI,44.7,Delivered,4.3,13,Wednesday
101096,1501,Swiggy,Mumbai,Biryani Zone,Biryani,2025-03-24 12:19:00,377.7,40.0,0,Credit Card,41.1,Delivered,4.1,12,Monday
101219,1264,Swiggy,Delhi,Curry Leaf,North Indian,2025-05-26 19:42:00,364.22,20.0,0,UPI,37.2,Delivered,4.1,19,Monday
101507,1287,Uber Eats,Chennai,Chennai Biryani Hub,Biryani,2025-03-02 12:00:00,286.21,0.0,1,UPI,28.5,Delivered,4.7,12,Sunday
101879,1060,Swiggy,Bengaluru,Hyderabad House,Biryani,2025-06-13 19:34:00,314.33,49.0,1,UPI,34.8,Delivered,4.8,19,Friday
101161,1299,Swiggy,Bengaluru,Saravana Bhavan,South Indian,2025-02-20 11:00:00,245.86,40.0,0,Unknown,45.5,Delivered,4.4,11,Thursday
100494,1173,Swiggy,Chennai,McDonald's,Fast Food,2025-03-26 22:07:00,186.73,40.0,0,Debit Card,,Cancelled,,22,Wednesday
100772,1002,Zomato,Delhi,Pizza Hut,Pizza,2025-06-24 16:57:00,329.15,20.0,0,Debit Card,37.3,Delivered,4.8,16,Tuesday
100550,1481,Swiggy,Pune,Domino's,Pizza,2025-07-10 16:55:00,570.19,30.0,1,Debit Card,,Cancelled,,16,Thursday
101486,1097,Zomato,Delhi,Oven Story,Pizza,2025-04-30 22:59:00,300.7,40.0,0,Debit Card,62.5,Delayed,3.6,22,Wednesday
100201,1545,Zomato,Kolkata,Biryani Zone,Biryani,2025-04-17 20:28:00,256.56,30.0,1,Wallet,49.4,Delivered,4.1,20,Thursday
100312,1071,Zomato,Mumbai,Dilli Darbar,North Indian,2025-05-02 22:17:00,417.26,40.0,0,UPI,32.9,Delivered,4.3,22,Friday
100290,1484,Zomato,Bengaluru,Oven Story,Pizza,2025-02-08 21:10:00,577.48,0.0,1,Cash on Delivery,31.6,Delivered,4.5,21,Saturday
101984,1382,Swiggy,Bengaluru,Pizza Hut,Pizza,2025-04-13 19:55:00,467.1,20.0,0,Debit Card,34.1,Delivered,4.5,19,Sunday
101213,1520,Zomato,Chennai,Dosa Plaza,South Indian,2025-02-18 22:46:00,172.59,40.0,1,UPI,31.2,Delivered,4.7,22,Tuesday
100763,1561,Swiggy,Bengaluru,Chai Point,Beverages,2025-03-07 13:36:00,108.87,20.0,0,Debit Card,43.3,Delivered,4.3,13,Friday
101136,1434,Swiggy,Hyderabad,FreshMenu,Healthy Food,2025-04-13 18:38:00,255.21,49.0,0,Credit Card,32.1,Delivered,5.0,18,Sunday
100949,1166,Uber Eats,Bengaluru,Mainland China,Chinese,2025-07-23 14:29:00,328.71,0.0,1,UPI,43.3,Delivered,4.1,14,Wednesday
100183,1417,Swiggy,Chennai,Wok This Way,Chinese,2025-06-02 12:14:00,213.18,0.0,1,UPI,30.4,Delivered,4.9,12,Monday
101176,1189,Swiggy,Mumbai,Wok This Way,Chinese,2025-04-26 19:30:00,307.52,40.0,0,Credit Card,38.2,Delivered,4.0,19,Saturday
101848,1312,Zomato,Chennai,Domino's,Pizza,2025-02-09 07:01:00,432.55,20.0,1,UPI,21.7,Delivered,4.5,7,Sunday
101349,1357,Swiggy,Pune,Mainland China,Chinese,2025-02-01 18:16:00,146.65,0.0,1,UPI,51.2,Delayed,4.7,18,Saturday
101727,1341,Swiggy,Bengaluru,Pizza Hut,Pizza,2025-02-09 17:30:00,218.65,0.0,1,UPI,13.0,Delivered,5.0,17,Sunday
101068,1200,Swiggy,Kolkata,Pizza Hut,Pizza,2025-07-10 14:49:00,494.46,20.0,1,Debit Card,40.7,Delivered,4.4,14,Thursday
101811,1391,Uber Eats,Delhi,Domino's,Pizza,2025-04-03 18:30:00,604.32,0.0,0,UPI,38.2,Delivered,4.6,18,Thursday
101030,1292,Swiggy,Hyderabad,Curry Leaf,North Indian,2025-06-14 15:51:00,263.98,0.0,1,UPI,35.7,Delivered,4.5,15,Saturday
100250,1107,Swiggy,Coimbatore,Curry Leaf,North Indian,2025-03-30 14:56:00,362.75,0.0,0,UPI,24.1,Delivered,4.3,14,Sunday
100823,1390,Zomato,Chennai,Hyderabad House,Biryani,2025-04-04 19:14:00,311.35,49.0,1,Cash on Delivery,29.1,Delivered,4.7,19,Friday
101099,1260,Swiggy,Kolkata,Paradise Biryani,Biryani,2025-05-18 15:50:00,318.81,30.0,0,Wallet,33.4,Delivered,4.1,15,Sunday
101536,1092,Zomato,Mumbai,Biryani Zone,Biryani,2025-07-01 11:08:00,258.21,40.0,1,Wallet,49.8,Delivered,4.1,11,Tuesday
100940,1414,Swiggy,Chennai,Mainland China,Chinese,2025-07-04 18:46:00,330.67,40.0,1,UPI,40.3,Delivered,4.7,18,Friday
100391,1107,Zomato,Delhi,Curry Leaf,North Indian,2025-04-14 11:09:00,437.34,40.0,1,UPI,88.8,Delayed,3.4,11,Monday
101919,1317,Zomato,Hyderabad,Dosa Plaza,South Indian,2025-05-02 17:45:00,298.39,30.0,0,Wallet,43.4,Delivered,4.5,17,Friday
101456,1590,Zomato,Chennai,Curry Leaf,North Indian,2025-02-25 18:10:00,590.52,20.0,0,UPI,31.8,Delivered,4.8,18,Tuesday
101092,1505,Zomato,Pune,Saravana Bhavan,South Indian,2025-03-10 21:13:00,148.58,30.0,0,UPI,37.7,Delivered,4.4,21,Monday
101191,1166,Zomato,Delhi,Chennai Biryani Hub,Biryani,2025-02-26 11:07:00,211.9,0.0,0,UPI,27.1,Delivered,5.0,11,Wednesday
100904,1275,Zomato,Bengaluru,Dilli Darbar,North Indian,2025-07-20 18:44:00,325.73,20.0,0,Wallet,39.2,Delivered,4.7,18,Sunday
100730,1437,Uber Eats,Kolkata,Domino's,Pizza,2025-03-09 17:43:00,659.09,20.0,0,UPI,23.4,Delivered,4.9,17,Sunday
100554,1590,Swiggy,Bengaluru,Mainland China,Chinese,2025-05-11 11:59:00,302.83,49.0,1,Cash on Delivery,37.6,Delivered,4.4,11,Sunday
100366,1281,Swiggy,Delhi,Dilli Darbar,North Indian,2025-03-16 10:01:00,426.26,20.0,0,UPI,33.6,Delivered,3.7,10,Sunday
100345,1153,Zomato,Delhi,Hyderabad House,Biryani,2025-07-28 16:45:00,384.25,30.0,0,Credit Card,55.4,Delivered,4.2,16,Monday
101608,1141,Zomato,Chennai,Paradise Biryani,Biryani,2025-03-18 19:22:00,262.68,49.0,0,Wallet,17.7,Delivered,4.8,19,Tuesday
100535,1092,Zomato,Pune,Theobroma,Desserts,2025-04-06 12:25:00,198.02,20.0,0,UPI,40.1,Delivered,4.5,12,Sunday
101422,1353,Zomato,Mumbai,Mainland China,Chinese,2025-05-21 13:51:00,324.38,20.0,0,Credit Card,50.1,Delivered,3.8,13,Wednesday
101209,1577,Swiggy,Chennai,Subway,Fast Food,2025-05-13 19:37:00,245.16,30.0,1,Cash on Delivery,27.7,Delivered,4.7,19,Tuesday
101372,1269,Swiggy,Hyderabad,EatFit,Healthy Food,2025-03-16 14:34:00,296.32,0.0,1,Debit Card,36.4,Delivered,3.9,14,Sunday
101639,1163,Swiggy,Bengaluru,Dilli Darbar,North Indian,2025-07-11 09:19:00,516.86,0.0,0,UPI,63.3,Delayed,4.1,9,Friday
100919,1381,Uber Eats,Hyderabad,Oven Story,Pizza,2025-07-06 16:56:00,410.83,20.0,0,Cash on Delivery,24.2,Delivered,4.8,16,Sunday
100211,1430,Zomato,Delhi,Domino's,Pizza,2025-07-23 22:47:00,592.56,30.0,1,Wallet,51.7,Delivered,4.6,22,Wednesday
101603,1190,Zomato,Mumbai,Chennai Biryani Hub,Biryani,2025-05-24 18:44:00,300.68,20.0,1,UPI,84.9,Delayed,3.6,18,Saturday
100502,1577,Swiggy,Chennai,Hyderabad House,Biryani,2025-07-04 22:14:00,275.25,20.0,1,UPI,37.0,Delivered,4.8,22,Friday
100537,1069,Zomato,Mumbai,Dosa Plaza,South Indian,2025-04-09 20:57:00,96.21,49.0,0,Wallet,31.2,Delivered,5.0,20,Wednesday
101220,1389,Swiggy,Chennai,Dilli Darbar,North Indian,2025-04-19 19:35:00,470.77,40.0,1,Wallet,28.2,Delivered,4.3,19,Saturday
100175,1277,Zomato,Chennai,Biryani Zone,Biryani,2025-07-20 13:00:00,321.68,0.0,0,Wallet,27.2,Delivered,4.6,13,Sunday
